-- MySQL dump 10.13  Distrib 9.5.0, for macos26.0 (arm64)
--
-- Host: localhost    Database: HoopHub
-- ------------------------------------------------------
-- Server version	9.5.0

/*!40101 SET @OLD_CHARACTER_SET_CLIENT=@@CHARACTER_SET_CLIENT */;
/*!40101 SET @OLD_CHARACTER_SET_RESULTS=@@CHARACTER_SET_RESULTS */;
/*!40101 SET @OLD_COLLATION_CONNECTION=@@COLLATION_CONNECTION */;
/*!50503 SET NAMES utf8mb4 */;
/*!40103 SET @OLD_TIME_ZONE=@@TIME_ZONE */;
/*!40103 SET TIME_ZONE='+00:00' */;
/*!40014 SET @OLD_UNIQUE_CHECKS=@@UNIQUE_CHECKS, UNIQUE_CHECKS=0 */;
/*!40014 SET @OLD_FOREIGN_KEY_CHECKS=@@FOREIGN_KEY_CHECKS, FOREIGN_KEY_CHECKS=0 */;
/*!40101 SET @OLD_SQL_MODE=@@SQL_MODE, SQL_MODE='NO_AUTO_VALUE_ON_ZERO' */;
/*!40111 SET @OLD_SQL_NOTES=@@SQL_NOTES, SQL_NOTES=0 */;
SET @MYSQLDUMP_TEMP_LOG_BIN = @@SESSION.SQL_LOG_BIN;
SET @@SESSION.SQL_LOG_BIN= 0;

--
-- GTID state at the beginning of the backup 
--

SET @@GLOBAL.GTID_PURGED=/*!80000 '+'*/ '4f0f4282-afb3-11f0-935f-25b6228846c3:1-219';

--
-- Table structure for table `Game`
--

DROP TABLE IF EXISTS `Game`;
/*!40101 SET @saved_cs_client     = @@character_set_client */;
/*!50503 SET character_set_client = utf8mb4 */;
CREATE TABLE `Game` (
  `GameID` int NOT NULL AUTO_INCREMENT,
  `Date` datetime DEFAULT NULL,
  `HomeTeamID` int NOT NULL,
  `AwayTeamID` int NOT NULL,
  `VenueID` int NOT NULL,
  `HomeTeamScore` int DEFAULT NULL,
  `AwayTeamScore` int DEFAULT NULL,
  `Attendance` int DEFAULT NULL,
  PRIMARY KEY (`GameID`),
  KEY `HomeTeamID` (`HomeTeamID`),
  KEY `AwayTeamID` (`AwayTeamID`),
  KEY `VenueID` (`VenueID`),
  CONSTRAINT `game_ibfk_1` FOREIGN KEY (`HomeTeamID`) REFERENCES `Team` (`TeamID`),
  CONSTRAINT `game_ibfk_2` FOREIGN KEY (`AwayTeamID`) REFERENCES `Team` (`TeamID`),
  CONSTRAINT `game_ibfk_3` FOREIGN KEY (`VenueID`) REFERENCES `Venue` (`VenueID`)
) ENGINE=InnoDB AUTO_INCREMENT=22500213 DEFAULT CHARSET=utf8mb4 COLLATE=utf8mb4_0900_ai_ci;
/*!40101 SET character_set_client = @saved_cs_client */;

--
-- Dumping data for table `Game`
--

LOCK TABLES `Game` WRITE;
/*!40000 ALTER TABLE `Game` DISABLE KEYS */;
INSERT INTO `Game` VALUES (22500001,'2025-10-21 00:00:00',18,27,21,125,124,NULL),(22500002,'2025-10-21 00:00:00',23,21,14,109,119,NULL),(22500003,'2025-10-22 00:00:00',3,7,20,119,111,NULL),(22500004,'2025-10-22 00:00:00',26,30,7,92,125,NULL),(22500005,'2025-10-23 00:00:00',9,18,12,135,141,NULL),(22500006,'2025-10-23 00:00:00',21,16,10,137,131,NULL),(22500007,'2025-10-27 00:00:00',8,7,9,95,116,NULL),(22500008,'2025-10-27 00:00:00',17,16,18,114,127,NULL),(22500018,'2025-10-24 00:00:00',3,1,20,105,95,NULL),(22500019,'2025-10-24 00:00:00',23,17,14,128,110,NULL),(22500020,'2025-10-31 00:00:00',9,11,12,108,128,NULL),(22500021,'2025-10-31 00:00:00',4,1,23,108,109,NULL),(22500022,'2025-10-31 00:00:00',7,5,6,101,112,NULL),(22500023,'2025-10-31 00:00:00',6,3,5,135,125,NULL),(22500024,'2025-10-31 00:00:00',28,23,15,112,117,NULL),(22500025,'2025-10-31 00:00:00',24,20,24,118,96,NULL),(22500026,'2025-10-31 00:00:00',19,16,25,109,107,NULL),(22500027,'2025-10-31 00:00:00',22,29,13,126,124,NULL),(22500028,'2025-11-07 00:00:00',14,1,22,123,110,NULL),(22500029,'2025-11-07 00:00:00',15,7,30,115,148,NULL),(22500030,'2025-11-07 00:00:00',11,5,1,97,109,NULL),(22500031,'2025-11-07 00:00:00',2,8,3,107,125,NULL),(22500032,'2025-11-07 00:00:00',30,27,27,121,110,NULL),(22500033,'2025-11-07 00:00:00',13,12,16,126,108,NULL),(22500034,'2025-11-07 00:00:00',28,26,15,118,104,NULL),(22500035,'2025-11-07 00:00:00',10,6,17,126,110,NULL),(22500036,'2025-11-07 00:00:00',17,20,18,137,97,NULL),(22500037,'2025-11-07 00:00:00',16,21,8,129,104,NULL),(22500038,'2025-11-07 00:00:00',25,18,26,101,132,NULL),(22500080,'2025-10-22 00:00:00',12,2,4,136,117,NULL),(22500081,'2025-10-22 00:00:00',14,13,22,125,121,NULL),(22500082,'2025-10-22 00:00:00',11,5,1,118,138,NULL),(22500083,'2025-10-22 00:00:00',1,4,2,116,117,NULL),(22500084,'2025-10-22 00:00:00',6,8,5,115,111,NULL),(22500085,'2025-10-22 00:00:00',28,29,15,128,122,NULL),(22500086,'2025-10-22 00:00:00',10,15,17,133,120,NULL),(22500087,'2025-10-22 00:00:00',20,22,29,129,108,NULL),(22500088,'2025-10-22 00:00:00',24,25,24,120,116,NULL),(22500089,'2025-10-22 00:00:00',19,17,25,114,118,NULL),(22500090,'2025-10-24 00:00:00',14,11,22,107,111,NULL),(22500091,'2025-10-24 00:00:00',2,7,3,124,131,NULL),(22500092,'2025-10-24 00:00:00',5,10,28,116,122,NULL),(22500093,'2025-10-24 00:00:00',27,8,11,111,115,NULL),(22500094,'2025-10-24 00:00:00',28,13,15,114,146,NULL),(22500095,'2025-10-24 00:00:00',29,30,19,116,120,NULL),(22500096,'2025-10-24 00:00:00',26,15,7,107,117,NULL),(22500097,'2025-10-24 00:00:00',19,21,25,139,119,NULL),(22500098,'2025-10-24 00:00:00',25,20,26,105,104,NULL),(22500099,'2025-10-24 00:00:00',22,24,13,129,102,NULL),(22500100,'2025-10-25 00:00:00',14,6,22,98,110,NULL),(22500101,'2025-10-25 00:00:00',11,18,1,100,117,NULL),(22500102,'2025-10-25 00:00:00',4,12,23,125,121,NULL),(22500103,'2025-10-25 00:00:00',28,9,15,128,103,NULL),(22500104,'2025-10-25 00:00:00',16,24,8,133,111,NULL),(22500105,'2025-10-26 00:00:00',30,2,27,118,107,NULL),(22500106,'2025-10-26 00:00:00',8,1,9,119,113,NULL),(22500107,'2025-10-26 00:00:00',7,10,6,118,113,NULL),(22500108,'2025-10-26 00:00:00',13,3,16,115,107,NULL),(22500109,'2025-10-26 00:00:00',15,12,30,113,139,NULL),(22500110,'2025-10-26 00:00:00',17,9,18,114,110,NULL),(22500111,'2025-10-26 00:00:00',26,5,7,139,129,NULL),(22500112,'2025-10-26 00:00:00',22,19,13,114,107,NULL),(22500113,'2025-10-26 00:00:00',25,23,26,120,127,NULL),(22500114,'2025-10-27 00:00:00',4,14,23,136,124,NULL),(22500115,'2025-10-27 00:00:00',6,11,5,128,123,NULL),(22500116,'2025-10-27 00:00:00',27,2,11,137,109,NULL),(22500117,'2025-10-27 00:00:00',29,1,19,90,122,NULL),(22500118,'2025-10-27 00:00:00',30,5,27,121,103,NULL),(22500119,'2025-10-27 00:00:00',26,18,7,94,101,NULL),(22500120,'2025-10-27 00:00:00',20,24,29,138,134,NULL),(22500121,'2025-10-27 00:00:00',21,28,10,131,118,NULL),(22500122,'2025-10-27 00:00:00',23,19,14,108,122,NULL),(22500123,'2025-10-28 00:00:00',15,4,30,134,139,NULL),(22500124,'2025-10-28 00:00:00',13,12,16,144,117,NULL),(22500125,'2025-10-28 00:00:00',10,3,17,121,111,NULL),(22500126,'2025-10-28 00:00:00',18,25,21,107,101,NULL),(22500127,'2025-10-28 00:00:00',21,22,10,98,79,NULL),(22500128,'2025-10-29 00:00:00',1,7,2,125,105,NULL),(22500129,'2025-10-29 00:00:00',8,14,9,135,116,NULL),(22500130,'2025-10-29 00:00:00',2,11,3,112,117,NULL),(22500131,'2025-10-29 00:00:00',5,27,28,121,139,NULL),(22500132,'2025-10-29 00:00:00',6,25,5,126,113,NULL),(22500133,'2025-10-29 00:00:00',26,9,7,107,105,NULL),(22500134,'2025-10-29 00:00:00',16,29,8,122,88,NULL),(22500135,'2025-10-29 00:00:00',20,19,29,134,136,NULL),(22500136,'2025-10-29 00:00:00',17,23,18,115,116,NULL),(22500137,'2025-10-29 00:00:00',24,28,24,113,114,NULL),(22500138,'2025-10-30 00:00:00',12,14,4,107,123,NULL),(22500139,'2025-10-30 00:00:00',10,21,17,120,110,NULL),(22500140,'2025-10-30 00:00:00',18,15,21,127,108,NULL),(22500141,'2025-10-30 00:00:00',30,13,27,107,101,NULL),(22500142,'2025-11-01 00:00:00',10,25,17,133,135,NULL),(22500143,'2025-11-01 00:00:00',12,17,4,105,122,NULL),(22500144,'2025-11-01 00:00:00',9,21,12,114,109,NULL),(22500145,'2025-11-01 00:00:00',15,14,30,94,125,NULL),(22500146,'2025-11-01 00:00:00',1,27,2,101,128,NULL),(22500147,'2025-11-01 00:00:00',26,8,31,110,122,NULL),(22500148,'2025-11-02 00:00:00',18,29,21,137,106,NULL),(22500149,'2025-11-02 00:00:00',2,4,3,105,129,NULL),(22500150,'2025-11-02 00:00:00',12,20,4,126,103,NULL),(22500151,'2025-11-02 00:00:00',7,11,6,117,109,NULL),(22500152,'2025-11-02 00:00:00',5,28,28,117,104,NULL),(22500153,'2025-11-02 00:00:00',3,6,20,128,116,NULL),(22500154,'2025-11-02 00:00:00',24,30,24,130,118,NULL),(22500155,'2025-11-02 00:00:00',23,13,14,130,120,NULL),(22500156,'2025-11-03 00:00:00',2,17,3,109,125,NULL),(22500157,'2025-11-03 00:00:00',9,10,12,115,117,NULL),(22500158,'2025-11-03 00:00:00',1,20,2,103,105,NULL),(22500159,'2025-11-03 00:00:00',3,15,20,119,102,NULL),(22500160,'2025-11-03 00:00:00',27,26,11,110,102,NULL),(22500161,'2025-11-03 00:00:00',28,8,15,106,114,NULL),(22500162,'2025-11-03 00:00:00',16,25,8,130,124,NULL),(22500163,'2025-11-03 00:00:00',19,23,25,115,123,NULL),(22500164,'2025-11-03 00:00:00',22,13,13,119,120,NULL),(22500165,'2025-11-04 00:00:00',5,10,28,128,100,NULL),(22500166,'2025-11-04 00:00:00',11,14,1,127,112,NULL),(22500167,'2025-11-04 00:00:00',6,4,5,113,111,NULL),(22500168,'2025-11-04 00:00:00',29,12,19,116,112,NULL),(22500169,'2025-11-04 00:00:00',21,24,10,118,107,NULL),(22500170,'2025-11-04 00:00:00',22,18,13,107,126,NULL),(22500171,'2025-11-05 00:00:00',7,4,6,132,121,NULL),(22500172,'2025-11-05 00:00:00',8,20,9,114,103,NULL),(22500173,'2025-11-05 00:00:00',9,2,12,103,112,NULL),(22500174,'2025-11-05 00:00:00',1,15,2,136,107,NULL),(22500175,'2025-11-05 00:00:00',3,17,20,137,114,NULL),(22500176,'2025-11-05 00:00:00',28,27,15,109,124,NULL),(22500177,'2025-11-05 00:00:00',26,29,7,99,101,NULL),(22500178,'2025-11-05 00:00:00',16,13,8,122,112,NULL),(22500179,'2025-11-05 00:00:00',23,30,14,118,116,NULL),(22500180,'2025-11-05 00:00:00',19,18,25,121,119,NULL),(22500181,'2025-11-05 00:00:00',25,21,26,121,116,NULL),(22500182,'2025-11-06 00:00:00',24,22,24,115,102,NULL),(22500183,'2025-11-08 00:00:00',15,26,30,105,111,NULL),(22500184,'2025-11-08 00:00:00',4,5,23,130,120,NULL),(22500185,'2025-11-08 00:00:00',11,23,1,122,102,NULL),(22500186,'2025-11-08 00:00:00',7,6,6,128,122,NULL),(22500187,'2025-11-08 00:00:00',13,19,16,136,131,NULL),(22500188,'2025-11-08 00:00:00',30,29,27,126,119,NULL),(22500189,'2025-11-08 00:00:00',16,9,8,117,100,NULL),(22500190,'2025-11-08 00:00:00',22,24,13,103,114,NULL),(22500191,'2025-11-09 00:00:00',10,27,17,115,122,NULL),(22500192,'2025-11-09 00:00:00',3,2,20,134,98,NULL),(22500193,'2025-11-09 00:00:00',14,1,22,107,111,NULL),(22500194,'2025-11-09 00:00:00',28,18,15,100,114,NULL),(22500195,'2025-11-09 00:00:00',4,8,23,108,111,NULL),(22500196,'2025-11-09 00:00:00',21,9,10,114,83,NULL),(22500197,'2025-11-09 00:00:00',25,17,26,117,144,NULL),(22500198,'2025-11-10 00:00:00',12,23,4,111,121,NULL),(22500199,'2025-11-10 00:00:00',8,15,9,137,135,NULL),(22500200,'2025-11-10 00:00:00',14,19,22,115,112,NULL),(22500201,'2025-11-10 00:00:00',13,7,16,140,138,NULL),(22500202,'2025-11-10 00:00:00',6,30,5,117,121,NULL),(22500203,'2025-11-10 00:00:00',26,10,7,114,116,NULL),(22500204,'2025-11-10 00:00:00',24,29,24,121,98,NULL),(22500205,'2025-11-10 00:00:00',20,17,29,113,120,NULL),(22500206,'2025-11-10 00:00:00',22,11,13,102,105,NULL),(22500207,'2025-11-11 00:00:00',2,5,3,109,119,NULL),(22500208,'2025-11-11 00:00:00',3,28,20,133,120,NULL),(22500209,'2025-11-11 00:00:00',4,1,23,102,100,NULL),(22500210,'2025-11-11 00:00:00',18,21,21,126,102,NULL),(22500211,'2025-11-11 00:00:00',20,9,29,152,128,NULL),(22500212,'2025-11-11 00:00:00',25,16,26,108,122,NULL);
/*!40000 ALTER TABLE `Game` ENABLE KEYS */;
UNLOCK TABLES;

--
-- Table structure for table `HeadCoach`
--

DROP TABLE IF EXISTS `HeadCoach`;
/*!40101 SET @saved_cs_client     = @@character_set_client */;
/*!50503 SET character_set_client = utf8mb4 */;
CREATE TABLE `HeadCoach` (
  `CoachID` int NOT NULL AUTO_INCREMENT,
  `FirstName` varchar(30) DEFAULT NULL,
  `LastName` varchar(30) DEFAULT NULL,
  PRIMARY KEY (`CoachID`)
) ENGINE=InnoDB AUTO_INCREMENT=32 DEFAULT CHARSET=utf8mb4 COLLATE=utf8mb4_0900_ai_ci;
/*!40101 SET character_set_client = @saved_cs_client */;

--
-- Dumping data for table `HeadCoach`
--

LOCK TABLES `HeadCoach` WRITE;
/*!40000 ALTER TABLE `HeadCoach` DISABLE KEYS */;
INSERT INTO `HeadCoach` VALUES (1,'Joe','Mazzulla'),(2,'Jordi','Fernandez'),(3,'Mike','Brown'),(4,'Nick','Nurse'),(5,'Darko','Rajaković'),(6,'Billy','Donovan'),(7,'Kenny','Atkinson'),(8,'J.B.','Bickerstaff'),(9,'Rick','Carlisle'),(10,'Doc','Rivers'),(11,'Quin','Snyder'),(12,'Charles','Lee'),(13,'Erik','Spoelstra'),(14,'Jamahl','Mosley'),(15,'Brian','Keefe'),(16,'David','Adelman'),(17,'Chris','Finch'),(18,'Mark','Daigneault'),(19,'Tiago','Splitter'),(20,'Will','Hardy'),(21,'Steve','Kerr'),(22,'Tyronn','Lue'),(23,'JJ','Redick'),(24,'Jordan','Ott'),(25,'Doug','Christie'),(26,'Jason','Kidd'),(27,'Ime','Udoka'),(28,'Tuomas','Iisalo'),(29,'Willie','Green'),(30,'Mitchell','Johnson'),(31,'N/A','No Coach');
/*!40000 ALTER TABLE `HeadCoach` ENABLE KEYS */;
UNLOCK TABLES;

--
-- Table structure for table `Player`
--

DROP TABLE IF EXISTS `Player`;
/*!40101 SET @saved_cs_client     = @@character_set_client */;
/*!50503 SET character_set_client = utf8mb4 */;
CREATE TABLE `Player` (
  `PlayerID` int NOT NULL AUTO_INCREMENT,
  `TeamID` int NOT NULL,
  `FirstName` varchar(20) DEFAULT NULL,
  `LastName` varchar(20) DEFAULT NULL,
  `Age` int DEFAULT NULL,
  `Position` varchar(20) DEFAULT NULL,
  `Number` int DEFAULT NULL,
  `HeightInches` int DEFAULT NULL,
  `WeightPounds` int DEFAULT NULL,
  PRIMARY KEY (`PlayerID`),
  KEY `TeamID` (`TeamID`),
  CONSTRAINT `player_ibfk_1` FOREIGN KEY (`TeamID`) REFERENCES `Team` (`TeamID`)
) ENGINE=InnoDB AUTO_INCREMENT=531 DEFAULT CHARSET=utf8mb4 COLLATE=utf8mb4_0900_ai_ci;
/*!40101 SET character_set_client = @saved_cs_client */;

--
-- Dumping data for table `Player`
--

LOCK TABLES `Player` WRITE;
/*!40000 ALTER TABLE `Player` DISABLE KEYS */;
INSERT INTO `Player` VALUES (1,1,'Jayson','Tatum',27,'F-G',0,80,210),(2,1,'Anfernee','Simons',26,'G',4,75,200),(3,1,'Jaylen','Brown',29,'G-F',7,78,223),(4,1,'Josh','Minott',22,'F',8,80,205),(5,1,'Derrick','White',31,'G',9,76,190),(6,1,'Payton','Pritchard',27,'G',11,73,195),(7,1,'Ron','Harper Jr.',25,'G-F',13,77,233),(8,1,'Chris','Boucher',32,'F',25,80,200),(9,1,'Xavier','Tillman',26,'F',26,80,245),(10,1,'Jordan','Walsh',21,'G',27,78,205),(11,1,'Hugo','González',19,'G',28,78,200),(12,1,'Max','Shulga',23,'G',29,76,210),(13,1,'Sam','Hauser',27,'F',30,79,217),(14,1,'Luka','Garza',26,'C',52,82,243),(15,1,'Baylor','Scheierman',25,'G',55,78,205),(16,1,'Amari','Williams',23,'F-C',77,83,250),(17,1,'Neemias','Queta',26,'C',88,84,248),(18,2,'Ziaire','Williams',24,'F',1,81,185),(19,2,'Danny','Wolf',21,'F',2,83,250),(20,2,'Drake','Powell',20,'G-F',4,77,195),(21,2,'Haywood','Highsmith',28,'F',7,77,220),(22,2,'Egor','Dëmin',19,'G',8,80,200),(23,2,'E.J.','Liddell',24,'F',9,78,240),(24,2,'Tyson','Etienne',26,'G',10,72,200),(25,2,'Tyrese','Martin',26,'F',13,78,215),(26,2,'Terance','Mann',29,'G-F',14,78,215),(27,2,'Michael','Porter Jr.',27,'F',17,82,218),(28,2,'Day\'Ron','Sharpe',24,'C',20,82,265),(29,2,'Noah','Clowney',21,'F-C',21,82,210),(30,2,'Jalen','Wilson',25,'F',22,78,220),(31,2,'Cam','Thomas',24,'G',24,75,210),(32,2,'Nic','Claxton',26,'C',33,83,215),(33,2,'Ben','Saraf',19,'G',77,78,200),(34,2,'Nolan','Traore',19,'G',88,75,185),(35,3,'Jordan','Clarkson',33,'G',0,77,194),(36,3,'Miles','McBride',25,'G',2,74,195),(37,3,'Josh','Hart',30,'G',3,77,215),(38,3,'Pacome','Dadiet',20,'F',4,81,210),(39,3,'OG','Anunoby',28,'F-G',8,79,240),(40,3,'Kevin','McCullar Jr.',24,'G',9,78,210),(41,3,'Jalen','Brunson',29,'G',11,74,190),(42,3,'Tyler','Kolek',24,'G',13,74,195),(43,3,'Tosan','Evbuomwan',24,'F',20,80,217),(44,3,'Mitchell','Robinson',27,'C-F',23,84,240),(45,3,'Mikal','Bridges',29,'G-F',25,78,209),(46,3,'Guerschon','Yabusele',29,'F',28,79,265),(47,3,'Karl-Anthony','Towns',29,'C-F',32,84,248),(48,3,'Landry','Shamet',28,'G',44,77,190),(49,3,'Trey','Jemison III',25,'C',50,82,270),(50,3,'Mohamed','Diawara',20,'F',51,81,225),(51,3,'Ariel','Hukporti',23,'C',55,84,246),(52,4,'Tyrese','Maxey',25,'G',0,74,200),(53,4,'Andre','Drummond',32,'C',1,83,279),(54,4,'Quentin','Grimes',25,'G',5,76,210),(55,4,'Kyle','Lowry',39,'G',7,72,196),(56,4,'Paul','George',35,'F',8,80,220),(57,4,'Kelly','Oubre Jr.',29,'F-G',9,80,203),(58,4,'Justin','Edwards',21,'F',11,79,203),(59,4,'Trendon','Watford',24,'G-F',12,80,237),(60,4,'Jared','McCain',21,'G',20,75,195),(61,4,'Joel','Embiid',31,'C-F',21,84,280),(62,4,'Johni','Broome',23,'F',22,82,235),(63,4,'Eric','Gordon',36,'G',23,75,215),(64,4,'Dominick','Barlow',22,'F',25,81,215),(65,4,'Adem','Bona',22,'F',30,82,235),(66,4,'Jabari','Walker',23,'F',34,79,237),(67,4,'Hunter','Sallis',22,'G',45,76,185),(68,4,'VJ','Edgecombe',20,'G',77,76,180),(69,5,'Chucky','Hepburn',22,'G',NULL,72,190),(70,5,'A.J.','Lawson',25,'G',0,78,179),(71,5,'Gradey','Dick',21,'G-F',1,79,200),(72,5,'Jonathan','Mogbo',24,'F',2,81,225),(73,5,'Brandon','Ingram',28,'F',3,80,190),(74,5,'Scottie','Barnes',24,'F-G',4,80,237),(75,5,'Immanuel','Quickley',26,'G',5,74,190),(76,5,'RJ','Barrett',25,'F-G',9,78,214),(77,5,'Collin','Murray-Boyles',20,'F',12,79,245),(78,5,'Ja\'Kobe','Walter',21,'G',14,76,180),(79,5,'Garrett','Temple',39,'G-F',17,77,195),(80,5,'Jakob','Poeltl',30,'C',19,84,253),(81,5,'Jamal','Shead',23,'G',23,73,200),(82,5,'Ochai','Agbaji',25,'G',30,77,215),(83,5,'Sandro','Mamukelashvili',26,'F-C',54,81,240),(84,5,'Alijah','Martin',23,'G',55,74,210),(85,5,'Jamison','Battle',24,'F',77,79,220),(86,6,'Coby','White',25,'G',0,76,195),(87,6,'Emanuel','Miller',25,'F',2,77,215),(88,6,'Josh','Giddey',23,'G',3,79,216),(89,6,'Jevon','Carter',30,'G',5,72,200),(90,6,'Dalen','Terry',23,'F',7,78,195),(91,6,'Trentyn','Flowers',20,'F',9,81,185),(92,6,'Nikola','Vučević',35,'C',9,81,260),(93,6,'Ayo','Dosunmu',25,'G',11,76,200),(94,6,'Zach','Collins',27,'F-C',12,81,250),(95,6,'Kevin','Huerter',27,'G-F',13,78,198),(96,6,'Matas','Buzelis',21,'F',14,80,209),(97,6,'Julian','Phillips',22,'F',15,78,198),(98,6,'Noa','Essengue',18,'F',24,80,200),(99,6,'Jalen','Smith',25,'F-C',25,80,215),(100,6,'Tre','Jones',25,'G',30,73,185),(101,6,'Isaac','Okoro',24,'F-G',35,76,225),(102,6,'Patrick','Williams',24,'F',44,78,215),(103,6,'Lachlan','Olbrich',21,'C',47,80,236),(104,7,'Max','Strus',29,'G-F',1,77,215),(105,7,'Lonzo','Ball',28,'G',2,77,190),(106,7,'Thomas','Bryant',28,'C-F',3,81,248),(107,7,'Evan','Mobley',24,'C',4,83,215),(108,7,'Sam','Merrill',29,'G',5,76,205),(109,7,'Craig','Porter Jr.',25,'G',9,73,180),(110,7,'Darius','Garland',25,'G',10,73,192),(111,7,'De\'Andre','Hunter',27,'F-G',12,79,221),(112,7,'Jaylon','Tyson',22,'G-F',20,78,215),(113,7,'Larry','Nance Jr.',32,'F-C',22,78,245),(114,7,'Tyrese','Proctor',21,'G',24,76,185),(115,7,'Chris','Livingston',22,'F',24,78,220),(116,7,'Nae\'Qwan','Tomlin',24,'F',30,80,210),(117,7,'Jarrett','Allen',27,'C',31,81,243),(118,7,'Dean','Wade',28,'F-C',32,81,228),(119,7,'Luke','Travers',24,'F',33,78,207),(120,7,'Donovan','Mitchell',29,'G',45,74,215),(121,8,'Jalen','Duren',21,'C',0,82,250),(122,8,'Colby','Jones',23,'G',0,78,207),(123,8,'Cade','Cunningham',24,'G',2,78,220),(124,8,'Ronald','Holland II',20,'F',5,80,206),(125,8,'Paul','Reed',26,'F',7,81,210),(126,8,'Caris','LeVert',31,'G',8,79,205),(127,8,'Ausar','Thompson',22,'G-F',9,79,205),(128,8,'Tobias','Harris',33,'F',12,80,226),(129,8,'Chaz','Lanier',23,'G',20,75,206),(130,8,'Jaden','Ivey',23,'G',23,75,195),(131,8,'Daniss','Jenkins',24,'G',24,76,165),(132,8,'Marcus','Sasser',25,'G',25,73,195),(133,8,'Isaiah','Stewart',24,'F-C',28,80,250),(134,8,'Javonte','Green',32,'G',31,77,205),(135,8,'Bobi','Klintman',22,'F',34,81,225),(136,8,'Tolu','Smith',25,'F',35,83,245),(137,8,'Duncan','Robinson',31,'F',55,79,215),(138,9,'Tyrese','Haliburton',25,'G',0,77,185),(139,9,'Bennedict','Mathurin',23,'G-F',0,77,210),(140,9,'Obi','Toppin',27,'F',1,81,220),(141,9,'Andrew','Nembhard',25,'G-F',2,76,191),(142,9,'Mac','McClung',26,'G',3,74,185),(143,9,'Taelon','Peter',23,'G',4,75,185),(144,9,'Jarace','Walker',22,'F',5,79,235),(145,9,'Kam','Jones',23,'G',7,76,200),(146,9,'T.J.','McConnell',33,'G',9,73,190),(147,9,'RayJ','Dennis',24,'G',10,73,180),(148,9,'Cody','Martin',30,'F',11,78,205),(149,9,'Johnny','Furphy',20,'G',12,80,200),(150,9,'Tony','Bradley',27,'C-F',13,82,248),(151,9,'Isaiah','Jackson',23,'F',22,80,205),(152,9,'Aaron','Nesmith',26,'G-F',23,77,215),(153,9,'Jeremiah','Robinson-Earl',25,'F',25,81,240),(154,9,'Ben','Sheppard',24,'G',26,78,190),(155,9,'Quenton','Jackson',27,'G',29,76,173),(156,9,'Jay','Huff',28,'C',32,85,240),(157,9,'Pascal','Siakam',31,'F',43,80,245),(158,10,'Alex','Antetokounmpo',24,'F',NULL,80,214),(159,10,'Jericho','Sims',27,'C',0,82,250),(160,10,'Myles','Turner',29,'C-F',3,83,250),(161,10,'Gary','Trent Jr.',26,'G',5,77,204),(162,10,'Kevin','Porter Jr.',25,'G-F',7,77,203),(163,10,'Bobby','Portis',30,'F',9,81,250),(164,10,'Gary','Harris',31,'G',11,76,210),(165,10,'Taurean','Prince',31,'F',12,78,218),(166,10,'Ryan','Rollins',23,'G',13,75,180),(167,10,'Amir','Coffey',28,'G-F',17,79,210),(168,10,'Kyle','Kuzma',30,'F',18,80,221),(169,10,'Mark','Sears',23,'G',19,72,185),(170,10,'AJ','Green',26,'G',20,76,190),(171,10,'Giannis','Antetokounmpo',30,'F',34,83,243),(172,10,'Pete','Nance',25,'F',35,81,225),(173,10,'Thanasis','Antetokounmpo',33,'F',43,79,219),(174,10,'Andre','Jackson Jr.',23,'G',44,78,209),(175,10,'Cole','Anthony',25,'G',50,74,185),(176,12,'Miles','Bridges',27,'F',0,79,225),(177,12,'LaMelo','Ball',24,'G',1,79,180),(178,12,'Grant','Williams',26,'F',2,79,236),(179,12,'Sion','James',22,'G',4,77,220),(180,12,'Kon','Knueppel',20,'G-F',7,78,215),(181,12,'Collin','Sexton',26,'G',8,75,190),(182,12,'Drew','Peterson',25,'F',9,80,205),(183,12,'Josh','Green',24,'G',10,78,200),(184,12,'Ryan','Kalkbrenner',23,'C',11,85,256),(185,12,'Antonio','Reeves',24,'G',12,77,205),(186,12,'Moussa','Diabaté',23,'F',14,82,210),(187,12,'Pat','Connaughton',32,'G',21,77,209),(188,12,'Mason','Plumlee',35,'F-C',22,84,254),(189,12,'Tre','Mann',24,'G',23,76,178),(190,12,'Brandon','Miller',22,'F',24,79,200),(191,12,'KJ','Simpson',23,'G',25,74,189),(192,12,'Tidjane','Salaün',20,'F',31,82,207),(193,12,'Liam','McNeeley',20,'F',33,79,210),(194,13,'Myron','Gardner',24,'F',NULL,77,220),(195,13,'Simone','Fontecchio',29,'F',0,79,209),(196,13,'Terry','Rozier',31,'G',2,73,190),(197,13,'Nikola','Jović',22,'F',5,82,205),(198,13,'Kel\'el','Ware',21,'C',7,84,230),(199,13,'Pelle','Larsson',24,'G',9,77,215),(200,13,'Jahmir','Young',25,'G',11,72,185),(201,13,'Jaime','Jaquez Jr.',24,'G',11,78,225),(202,13,'Dru','Smith',27,'G',12,74,203),(203,13,'Bam','Adebayo',28,'C-F',13,81,255),(204,13,'Tyler','Herro',25,'G',14,77,195),(205,13,'Keshad','Johnson',24,'F',16,78,225),(206,13,'Andrew','Wiggins',30,'F',22,78,197),(207,13,'Norman','Powell',32,'G',24,75,215),(208,13,'Kasparas','Jakučionis',19,'G',25,77,200),(209,13,'Davion','Mitchell',27,'G',45,72,202),(210,13,'Vladislav','Goldin',24,'C',50,84,250),(211,14,'Anthony','Black',21,'G',0,79,200),(212,14,'Jonathan','Isaac',28,'F',1,82,230),(213,14,'Tyus','Jones',29,'G',2,72,196),(214,14,'Desmond','Bane',27,'G',3,78,215),(215,14,'Jalen','Suggs',24,'G',4,77,205),(216,14,'Paolo','Banchero',22,'F',5,82,250),(217,14,'Jamal','Cain',26,'F',8,79,191),(218,14,'Jase','Richardson',20,'G',11,73,180),(219,14,'Jett','Howard',22,'G',13,80,215),(220,14,'Colin','Castleton',25,'C',14,82,250),(221,14,'Moritz','Wagner',28,'F-C',21,83,245),(222,14,'Orlando','Robinson',25,'C',21,82,235),(223,14,'Franz','Wagner',24,'F',22,82,220),(224,14,'Tristan da','Silva',24,'F',23,80,217),(225,14,'Wendell','Carter Jr.',26,'C-F',34,82,270),(226,14,'Goga','Bitadze',26,'C-F',35,83,250),(227,14,'Noah','Penda',20,'G-F',93,79,215),(228,15,'Bilal','Coulibaly',21,'G',0,79,195),(229,15,'Tristan','Vukcevic',22,'F',0,84,220),(230,15,'Cam','Whitmore',21,'F',1,78,230),(231,15,'CJ','McCollum',34,'G',3,75,190),(232,15,'AJ','Johnson',20,'G',4,77,160),(233,15,'Jamir','Watkins',24,'F',5,78,210),(234,15,'Bub','Carrington',20,'G',7,76,190),(235,15,'Malaki','Branham',22,'F',8,76,180),(236,15,'Justin','Champagnie',24,'G-F',9,78,206),(237,15,'Tre','Johnson',19,'G',12,77,190),(238,15,'Sharife','Cooper',24,'G',13,72,176),(239,15,'Anthony','Gill',33,'F',16,79,230),(240,15,'Kyshawn','George',21,'F',18,80,200),(241,15,'Alex','Sarr',20,'C',20,84,205),(242,15,'Khris','Middleton',34,'F',22,79,222),(243,15,'Corey','Kispert',26,'F',24,78,224),(244,15,'Will','Riley',19,'F',27,81,180),(245,15,'Marvin','Bagley III',26,'F',35,82,235),(246,16,'Christian','Braun',24,'G',0,78,220),(247,16,'Curtis','Jones',24,'G',1,75,195),(248,16,'Julian','Strawther',23,'G',3,78,205),(249,16,'Hunter','Tyson',25,'F',5,80,215),(250,16,'Tamar','Bates',22,'G',7,76,195),(251,16,'Peyton','Watson',23,'G',8,80,200),(252,16,'Tim','Hardaway Jr.',33,'G-F',10,77,205),(253,16,'Bruce','Brown',29,'G-F',11,76,202),(254,16,'DaRon','Holmes II',23,'F',14,81,225),(255,16,'Nikola','Jokić',30,'C',15,83,284),(256,16,'Jonas','Valančiūnas',33,'C',17,83,265),(257,16,'Spencer','Jones',24,'F',21,79,225),(258,16,'Zeke','Nnaji',24,'F-C',22,82,240),(259,16,'Cameron','Johnson',29,'F',23,80,210),(260,16,'Jalen','Pickett',26,'G',24,74,202),(261,16,'Jamal','Murray',28,'G',27,76,215),(262,16,'Aaron','Gordon',30,'F',32,80,235),(263,17,'Donte','DiVincenzo',28,'G',0,76,203),(264,17,'Terrence','Shannon Jr.',25,'G-F',1,78,215),(265,17,'Jaden','McDaniels',25,'F',3,81,185),(266,17,'Rob','Dillingham',20,'G',4,74,175),(267,17,'Anthony','Edwards',24,'G',5,76,225),(268,17,'Joe','Ingles',38,'F-G',7,80,220),(269,17,'Bones','Hyland',25,'G',8,74,169),(270,17,'Johnny','Juzang',24,'G',9,79,226),(271,17,'Mike','Conley',38,'G',10,73,175),(272,17,'Naz','Reid',26,'C-F',11,81,264),(273,17,'Joan','Beringer',18,'F',19,83,230),(274,17,'Jaylen','Clark',24,'G',22,77,205),(275,17,'Enrique','Freeman',25,'F',25,81,220),(276,17,'Rudy','Gobert',33,'C',27,85,258),(277,17,'Julius','Randle',30,'F-C',30,81,250),(278,17,'Leonard','Miller',21,'F',33,82,220),(279,17,'Rocco','Zikarsky',19,'C',44,87,227),(280,18,'Shai','Gilgeous-Alexander',27,'G',2,78,195),(281,18,'Chris','Youngblood',23,'G',3,76,221),(282,18,'Luguentz','Dort',26,'G',5,76,220),(283,18,'Jaylin','Williams',23,'F',6,81,240),(284,18,'Chet','Holmgren',23,'C-F',7,85,208),(285,18,'Jalen','Williams',24,'G-F',8,77,211),(286,18,'Alex','Caruso',31,'G',9,77,186),(287,18,'Isaiah','Joe',26,'G',11,76,165),(288,18,'Thomas','Sorber',19,'C',12,81,250),(289,18,'Ousmane','Dieng',22,'F',13,81,185),(290,18,'Branden','Carlson',26,'C',15,84,220),(291,18,'Aaron','Wiggins',26,'G',21,77,190),(292,18,'Cason','Wallace',21,'G',22,75,195),(293,18,'Brooks','Barnhizer',23,'G',23,77,230),(294,18,'Ajay','Mitchell',23,'G',25,76,190),(295,18,'Kenrich','Williams',30,'G-F',34,79,210),(296,18,'Nikola','Topić',20,'G',44,78,200),(297,18,'Isaiah','Hartenstein',27,'C-F',55,84,250),(298,19,'Damian','Lillard',35,'G',0,74,200),(299,19,'Scoot','Henderson',21,'G',0,75,207),(300,19,'Blake','Wesley',22,'G',1,76,190),(301,19,'Caleb','Love',24,'G',2,75,212),(302,19,'Matisse','Thybulle',28,'G-F',4,77,202),(303,19,'Jrue','Holiday',35,'G',5,76,220),(304,19,'Deni','Avdija',24,'F',8,80,228),(305,19,'Jerami','Grant',31,'F',9,79,213),(306,19,'Yang','Hansen',20,'C',16,85,270),(307,19,'Shaedon','Sharpe',22,'G',17,77,210),(308,19,'Javonte','Cooke',26,'G',18,78,185),(309,19,'Rayan','Rupert',21,'G-F',21,79,205),(310,19,'Donovan','Clingan',21,'C',23,86,280),(311,19,'Kris','Murray',25,'F',24,80,218),(312,19,'Duop','Reath',29,'C',26,81,245),(313,19,'Toumani','Camara',25,'F',33,79,230),(314,19,'Robert','Williams III',28,'C-F',35,81,249),(315,19,'Sidy','Cissoko',21,'G',91,78,220),(316,20,'Taylor','Hendricks',21,'F',0,81,215),(317,20,'Kyle','Anderson',32,'F-G',2,80,230),(318,20,'Keyonte','George',21,'G',3,76,185),(319,20,'Cody','Williams',20,'F',5,80,190),(320,20,'Isaiah','Collier',21,'G',8,76,210),(321,20,'Svi','Mykhailiuk',28,'G-F',10,79,205),(322,20,'Walter','Clayton Jr.',22,'G',13,76,195),(323,20,'Elijah','Harkless',25,'G',16,75,195),(324,20,'John','Tonje',24,'G',17,76,218),(325,20,'Ace','Bailey',19,'F',19,81,200),(326,20,'Kyle','Filipowski',21,'C',22,83,250),(327,20,'Lauri','Markkanen',28,'F-C',23,85,240),(328,20,'Walker','Kessler',24,'C',24,86,245),(329,20,'Brice','Sensabaugh',22,'F',28,78,235),(330,20,'Jusuf','Nurkić',31,'C',30,83,290),(331,20,'Georges','Niang',32,'F',31,78,230),(332,20,'Oscar','Tshiebwe',25,'F-C',34,80,255),(333,20,'Kevin','Love',37,'F-C',42,82,251),(334,21,'Gary','Payton II',32,'G',0,74,195),(335,21,'Jonathan','Kuminga',23,'F',1,79,225),(336,21,'Brandin','Podziemski',22,'G',2,76,205),(337,21,'Will','Richard',22,'G',3,75,206),(338,21,'Moses','Moody',23,'G',4,77,211),(339,21,'Buddy','Hield',32,'G',7,76,220),(340,21,'De\'Anthony','Melton',27,'G',8,74,200),(341,21,'Jimmy','Butler III',36,'F',10,78,230),(342,21,'Gui','Santos',23,'F',15,79,185),(343,21,'Al','Horford',39,'C-F',20,80,240),(344,21,'Quinten','Post',25,'C',21,84,238),(345,21,'Alex','Toohey',21,'F',22,80,223),(346,21,'Draymond','Green',35,'F',23,78,230),(347,21,'Stephen','Curry',37,'G',30,74,185),(348,21,'Trayce','Jackson-Davis',25,'F',32,81,245),(349,21,'Jackson','Rowe',28,'F',44,78,210),(350,21,'Pat','Spencer',29,'G',61,74,205),(351,22,'Bradley','Beal',32,'G',0,76,207),(352,22,'James','Harden',36,'G',1,77,220),(353,22,'Kawhi','Leonard',34,'F',2,78,225),(354,22,'Chris','Paul',40,'G',3,72,175),(355,22,'Kobe','Sanders',23,'G',4,80,207),(356,22,'Derrick','Jones Jr.',28,'F',5,78,210),(357,22,'Kris','Dunn',31,'G',8,75,205),(358,22,'Bogdan','Bogdanović',33,'G',10,77,225),(359,22,'Brook','Lopez',37,'C',11,85,282),(360,22,'Cam','Christie',20,'G',12,77,190),(361,22,'Yanic Konan','Niederhäuser',22,'C',14,83,242),(362,22,'Jahmyl','Telfort',24,'G',19,79,220),(363,22,'John','Collins',28,'F-C',20,81,226),(364,22,'Jordan','Miller',25,'G',22,77,194),(365,22,'Kobe','Brown',25,'F',24,79,250),(366,22,'Nicolas','Batum',36,'G-F',33,79,230),(367,22,'Ivica','Zubac',28,'C',40,84,240),(368,23,'Adou','Thiero',21,'G',1,79,220),(369,23,'Jarred','Vanderbilt',26,'F',2,80,214),(370,23,'Dalton','Knecht',24,'F',4,78,215),(371,23,'Deandre','Ayton',27,'C',5,84,252),(372,23,'Gabe','Vincent',29,'G',7,74,200),(373,23,'Bronny','James',21,'G',9,74,210),(374,23,'Christian','Koloko',25,'C',10,83,225),(375,23,'Jaxson','Hayes',25,'C-F',11,84,220),(376,23,'Jake','LaRavia',24,'F',12,79,235),(377,23,'Maxi','Kleber',33,'F',14,82,240),(378,23,'Austin','Reaves',27,'G',15,77,197),(379,23,'Nick','Smith Jr.',21,'G',20,74,185),(380,23,'LeBron','James',40,'F',23,81,250),(381,23,'Rui','Hachimura',27,'F',28,80,230),(382,23,'Chris','Mañon',23,'G',30,76,209),(383,23,'Marcus','Smart',31,'G',36,75,220),(384,23,'Luka','Dončić',26,'F-G',77,80,230),(385,24,'Royce','O\'Neale',32,'F',0,78,226),(386,24,'Ryan','Dunn',22,'F',0,79,216),(387,24,'Devin','Booker',29,'G',1,77,206),(388,24,'Nick','Richards',27,'C',2,83,245),(389,24,'Dillon','Brooks',29,'G-F',3,79,225),(390,24,'Jalen','Green',23,'G',4,76,186),(391,24,'Grayson','Allen',30,'G',8,75,198),(392,24,'Khaman','Maluach',19,'C',10,85,250),(393,24,'Oso','Ighodaro',23,'F',11,83,235),(394,24,'Collin','Gillespie',26,'G',12,73,195),(395,24,'Koby','Brea',23,'G',14,77,215),(396,24,'Mark','Williams',23,'C',15,85,240),(397,24,'Isaiah','Livers',27,'F',18,78,232),(398,24,'Rasheer','Fleming',21,'F',20,81,240),(399,24,'Nigel','Hayes-Davis',30,'F',21,79,254),(400,24,'CJ','Huntley',23,'F',22,81,190),(401,24,'Jordan','Goodwin',27,'G',23,75,215),(402,25,'Isaiah','Stevens',25,'G',NULL,71,185),(403,25,'Dylan','Cardwell',23,'C',NULL,82,255),(404,25,'Malik','Monk',27,'G',0,75,200),(405,25,'Nique','Clifford',23,'G',5,77,175),(406,25,'Precious','Achiuwa',26,'F',5,80,243),(407,25,'Doug','McDermott',33,'F',7,79,225),(408,25,'Zach','LaVine',30,'G',8,77,200),(409,25,'Dario','Šarić',31,'F-C',9,82,225),(410,25,'DeMar','DeRozan',36,'G-F',10,78,220),(411,25,'Domantas','Sabonis',29,'F-C',11,82,240),(412,25,'Keegan','Murray',25,'F',13,80,225),(413,25,'Dennis','Schröder',32,'G',17,73,175),(414,25,'Russell','Westbrook',36,'G',18,76,200),(415,25,'Drew','Eubanks',28,'F-C',19,82,245),(416,25,'Devin','Carter',23,'G',22,74,195),(417,25,'Keon','Ellis',25,'G',23,76,175),(418,25,'Daeqwon','Plowden',27,'G-F',29,76,216),(419,25,'Maxime','Raynaud',22,'C',42,85,250),(420,26,'Danté','Exum',30,'G',0,77,214),(421,26,'Max','Christie',22,'G',0,77,190),(422,26,'Jaden','Hardy',23,'G',1,75,198),(423,26,'Dereck','Lively II',21,'C',2,85,230),(424,26,'Anthony','Davis',32,'F-C',3,82,253),(425,26,'D\'Angelo','Russell',29,'G',5,75,193),(426,26,'Dwight','Powell',34,'F-C',7,82,240),(427,26,'Ryan','Nembhard',22,'G',9,71,180),(428,26,'Brandon','Williams',25,'G',10,73,190),(429,26,'Kyrie','Irving',33,'G',11,74,195),(430,26,'Naji','Marshall',27,'F',13,78,220),(431,26,'Miles','Kelly',22,'G',14,76,190),(432,26,'Caleb','Martin',30,'F',16,77,205),(433,26,'Daniel','Gafford',27,'F-C',21,82,265),(434,26,'P.J.','Washington',27,'F',25,79,230),(435,26,'Moussa','Cisse',23,'C',30,83,220),(436,26,'Klay','Thompson',35,'G',31,77,220),(437,26,'Cooper','Flagg',18,'F',32,81,205),(438,27,'Aaron','Holiday',29,'G',0,72,185),(439,27,'Kevon','Harris',28,'G',0,77,216),(440,27,'Amen','Thompson',22,'G-F',1,79,200),(441,27,'Dorian','Finney-Smith',32,'F',2,79,220),(442,27,'JD','Davison',23,'G',4,73,195),(443,27,'Fred','VanVleet',31,'G',5,72,197),(444,27,'Kevin','Durant',37,'F',7,83,240),(445,27,'Jae\'Sean','Tate',30,'F',8,76,230),(446,27,'Jabari','Smith Jr.',22,'F',10,83,220),(447,27,'Steven','Adams',32,'C',12,83,265),(448,27,'Reed','Sheppard',21,'G',15,74,185),(449,27,'Tari','Eason',24,'F',17,80,215),(450,27,'Josh','Okogie',27,'G',20,76,213),(451,27,'Isaiah','Crawford',24,'F',27,78,220),(452,27,'Alperen','Sengun',23,'C',28,83,243),(453,27,'Clint','Capela',31,'C',30,82,256),(454,27,'Jeff','Green',39,'F',32,80,235),(455,28,'Jaylen','Wells',22,'F',0,79,205),(456,28,'Scotty','Pippen Jr.',24,'G',1,74,170),(457,28,'Ty','Jerome',28,'G-F',2,77,195),(458,28,'Kentavious','Caldwell-Pope',32,'G',3,77,204),(459,28,'Vince','Williams Jr.',25,'G',5,76,205),(460,28,'Santi','Aldama',24,'F-C',7,84,215),(461,28,'Jaren','Jackson Jr.',26,'F-C',8,82,242),(462,28,'Javon','Small',22,'G',10,73,190),(463,28,'Ja','Morant',26,'G',12,74,174),(464,28,'Zach','Edey',23,'C',14,87,305),(465,28,'Brandon','Clarke',29,'F',15,80,215),(466,28,'PJ','Hall',23,'C',16,80,245),(467,28,'Olivier-Maxence','Prosper',23,'F',18,79,230),(468,28,'Cedric','Coward',22,'G',23,77,206),(469,28,'Cam','Spencer',25,'G',24,75,205),(470,28,'Jock','Landale',30,'C',31,83,255),(471,28,'GG','Jackson',20,'F',45,81,210),(472,28,'John','Konchar',29,'G',46,77,210),(473,29,'Jeremiah','Fears',19,'G',0,75,190),(474,29,'Zion','Williamson',25,'F',1,78,284),(475,29,'Herbert','Jones',27,'F',2,79,206),(476,29,'Jordan','Poole',26,'G',3,76,194),(477,29,'Hunter','Dickinson',24,'C',4,85,255),(478,29,'Dejounte','Murray',29,'G',5,76,180),(479,29,'DeAndre','Jordan',37,'C',6,83,265),(480,29,'Bryce','McGowens',22,'G',11,78,190),(481,29,'Micah','Peavy',24,'G-F',14,79,215),(482,29,'Jose','Alvarado',27,'G',15,72,179),(483,29,'Karlo','Matković',24,'F-C',17,82,231),(484,29,'Yves','Missi',21,'C',21,83,235),(485,29,'Derik','Queen',20,'C',22,81,250),(486,29,'Trey','Alexander',22,'G',23,77,185),(487,29,'Jordan','Hawkins',23,'G',24,77,190),(488,29,'Trey','Murphy III',25,'F',25,80,206),(489,29,'Saddiq','Bey',26,'G-F',41,80,215),(490,29,'Kevon','Looney',29,'F',55,81,222),(491,30,'Jordan','McLaughlin',29,'G',0,71,185),(492,30,'Victor','Wembanyama',21,'F-C',1,88,235),(493,30,'Dylan','Harper',19,'G',2,77,215),(494,30,'Keldon','Johnson',26,'F-G',3,78,220),(495,30,'De\'Aaron','Fox',27,'G',4,75,185),(496,30,'Stephon','Castle',21,'G',5,78,215),(497,30,'Luke','Kornet',30,'C-F',7,85,250),(498,30,'Kelly','Olynyk',34,'F-C',8,84,240),(499,30,'Jeremy','Sochan',22,'F',10,80,230),(500,30,'Carter','Bryant',19,'F',11,78,220),(501,30,'Bismack','Biyombo',33,'C',18,80,255),(502,30,'Devin','Vassell',25,'G-F',24,77,200),(503,30,'David Jones','Garcia',23,'F',25,76,210),(504,30,'Riley','Minix',25,'F',27,79,230),(505,30,'Julian','Champagnie',24,'F',30,79,217),(506,30,'Harrison','Barnes',33,'F',40,79,225),(507,30,'Lindy','Waters III',28,'F',43,77,210),(508,30,'Harrison','Ingram',22,'F',55,77,230),(509,11,'Jacob','Toppin',25,'F',0,81,200),(510,11,'Jalen','Johnson',23,'F',1,80,219),(511,11,'Keaton','Wallace',26,'G',2,75,185),(512,11,'Luke','Kennard',29,'G',3,77,206),(513,11,'Dyson','Daniels',22,'G',5,79,199),(514,11,'Nickeil','Alexander-Walker',27,'G',7,77,205),(515,11,'Kristaps','Porziņģis',30,'F-C',8,86,240),(516,11,'Zaccharie','Risacher',20,'F',10,80,200),(517,11,'Trae','Young',27,'G',11,74,164),(518,11,'N\'Faly','Dante',24,'C',12,83,230),(519,11,'Asa','Newell',20,'F',14,82,220),(520,11,'Onyeka','Okongwu',24,'F-C',17,82,240),(521,11,'Mouhamed','Gueye',22,'F',18,83,210),(522,11,'Nikola','Đurišić',21,'G',22,80,214),(523,11,'Vít','Krejčí',25,'G',27,80,195),(524,11,'Eli John','Ndiaye',21,'F',30,80,209),(525,11,'Caleb','Houstan',22,'G',33,80,205),(526,9,'Monté','Morris',0,'Guard',0,74,183),(527,28,'Charles','Bassey',0,'Center-Forward',0,82,230),(528,3,'Pacôme','Dadiet',0,'Forward',0,81,210),(529,25,'Isaac','Jones',0,'Forward',0,80,245),(530,31,'James','Wiseman',NULL,'C',13,83,240);
/*!40000 ALTER TABLE `Player` ENABLE KEYS */;
UNLOCK TABLES;

--
-- Table structure for table `PlayerGameStats`
--

DROP TABLE IF EXISTS `PlayerGameStats`;
/*!40101 SET @saved_cs_client     = @@character_set_client */;
/*!50503 SET character_set_client = utf8mb4 */;
CREATE TABLE `PlayerGameStats` (
  `GameID` int NOT NULL,
  `PlayerID` int NOT NULL,
  `Points` int DEFAULT NULL,
  `Rebounds` int DEFAULT NULL,
  `Assists` int DEFAULT NULL,
  `Steals` int DEFAULT NULL,
  `Blocks` int DEFAULT NULL,
  `Turnovers` int DEFAULT NULL,
  `Fouls` int DEFAULT NULL,
  `Minutes` int DEFAULT NULL,
  PRIMARY KEY (`GameID`,`PlayerID`),
  KEY `PlayerID` (`PlayerID`),
  CONSTRAINT `playergamestats_ibfk_1` FOREIGN KEY (`GameID`) REFERENCES `Game` (`GameID`),
  CONSTRAINT `playergamestats_ibfk_2` FOREIGN KEY (`PlayerID`) REFERENCES `Player` (`PlayerID`)
) ENGINE=InnoDB DEFAULT CHARSET=utf8mb4 COLLATE=utf8mb4_0900_ai_ci;
/*!40101 SET character_set_client = @saved_cs_client */;

--
-- Dumping data for table `PlayerGameStats`
--

LOCK TABLES `PlayerGameStats` WRITE;
/*!40000 ALTER TABLE `PlayerGameStats` DISABLE KEYS */;
INSERT INTO `PlayerGameStats` VALUES (22500001,280,35,5,5,2,2,3,2,47),(22500001,281,0,0,0,0,0,0,0,0),(22500001,282,6,6,5,1,0,1,4,45),(22500001,283,2,0,1,1,0,0,1,12),(22500001,284,28,7,2,0,0,3,6,38),(22500001,286,8,2,3,2,1,0,2,30),(22500001,291,10,1,1,0,0,1,1,20),(22500001,292,14,7,5,4,0,2,3,41),(22500001,293,0,0,0,0,0,0,0,2),(22500001,294,16,2,2,0,1,0,2,14),(22500001,297,6,8,5,2,0,1,6,36),(22500001,440,18,4,5,1,1,4,3,38),(22500001,444,23,9,3,0,0,4,6,47),(22500001,446,16,5,0,1,0,0,4,41),(22500001,447,4,13,3,0,0,3,4,36),(22500001,448,9,2,4,1,1,2,1,27),(22500001,449,3,6,0,0,1,4,1,21),(22500001,450,8,2,1,0,1,0,2,19),(22500001,452,39,11,7,2,1,4,5,48),(22500001,453,4,0,0,1,0,1,0,7),(22500002,334,6,2,1,1,1,3,3,12),(22500002,335,17,9,6,1,0,2,3,32),(22500002,336,7,7,2,1,0,1,2,32),(22500002,337,5,1,1,1,0,0,2,13),(22500002,339,17,1,0,1,0,2,0,22),(22500002,341,31,5,4,1,0,1,4,34),(22500002,342,0,0,0,0,0,1,0,2),(22500002,343,5,5,1,0,0,2,4,20),(22500002,344,0,2,1,0,0,0,1,8),(22500002,346,8,7,9,1,2,4,5,28),(22500002,347,23,1,4,3,1,2,3,32),(22500002,369,0,3,0,1,0,2,0,11),(22500002,371,10,6,0,0,1,4,3,33),(22500002,372,3,0,1,1,0,0,3,28),(22500002,375,4,6,1,0,0,1,2,14),(22500002,376,5,3,0,0,0,0,1,15),(22500002,378,26,5,9,2,0,5,5,36),(22500002,381,9,4,3,0,0,1,2,35),(22500002,383,9,0,0,1,0,3,4,22),(22500002,384,43,12,9,2,1,3,1,40),(22500003,35,4,1,1,0,0,0,2,13),(22500003,36,15,2,1,1,0,2,4,25),(22500003,39,24,14,2,3,1,4,0,37),(22500003,41,23,4,5,0,0,2,3,34),(22500003,42,7,1,2,0,0,0,2,13),(22500003,45,16,5,6,3,2,0,3,33),(22500003,46,0,1,0,0,0,0,1,12),(22500003,47,19,11,2,0,0,3,4,30),(22500003,48,9,2,1,1,0,1,1,13),(22500003,49,0,2,0,0,0,0,0,7),(22500003,51,2,5,2,0,1,1,3,17),(22500003,105,3,4,6,0,0,4,0,23),(22500003,107,22,8,3,3,1,3,3,35),(22500003,108,19,3,1,0,0,1,6,28),(22500003,109,2,0,1,0,0,0,1,6),(22500003,112,5,2,1,0,1,2,4,20),(22500003,113,10,6,1,0,0,1,3,16),(22500003,114,5,1,2,0,0,0,2,16),(22500003,117,4,4,1,2,0,1,0,28),(22500003,118,10,2,0,1,1,0,4,28),(22500003,120,31,2,5,2,1,3,2,35),(22500004,421,9,0,1,0,1,2,0,25),(22500004,422,3,1,0,0,0,0,1,7),(22500004,423,4,2,3,0,0,1,5,10),(22500004,424,22,13,1,2,1,0,4,32),(22500004,425,6,2,3,0,0,1,2,15),(22500004,426,0,0,1,1,0,1,2,7),(22500004,427,8,0,5,0,0,3,0,15),(22500004,428,0,0,2,1,0,1,0,11),(22500004,430,3,1,1,0,0,0,2,22),(22500004,432,0,1,1,0,0,1,0,4),(22500004,434,17,5,1,0,1,2,4,29),(22500004,435,0,0,0,0,0,0,0,4),(22500004,436,10,2,1,0,0,1,1,22),(22500004,437,10,10,0,1,0,3,3,31),(22500004,491,2,0,1,1,0,0,1,8),(22500004,492,40,15,1,1,3,0,4,29),(22500004,493,15,4,2,0,0,4,5,22),(22500004,494,11,5,2,1,0,0,2,24),(22500004,496,22,7,6,2,0,5,2,28),(22500004,497,2,4,3,0,2,1,3,15),(22500004,500,0,2,0,0,0,0,0,9),(22500004,501,0,1,0,2,0,2,2,4),(22500004,502,13,3,4,2,0,0,0,30),(22500004,503,5,1,2,0,0,0,2,4),(22500004,504,0,1,0,0,0,0,0,1),(22500004,505,5,4,2,1,0,0,1,25),(22500004,506,7,2,1,0,0,2,2,30),(22500004,508,3,1,0,0,0,0,0,4),(22500005,139,36,11,1,0,0,4,6,45),(22500005,140,20,5,3,2,0,1,3,39),(22500005,141,4,1,4,0,0,2,2,16),(22500005,143,3,0,1,1,0,1,1,16),(22500005,144,13,4,4,1,0,2,4,30),(22500005,149,0,0,0,0,0,0,0,0),(22500005,150,2,0,0,0,1,0,3,9),(22500005,151,0,1,0,0,0,2,4,8),(22500005,152,5,7,0,0,0,1,6,26),(22500005,154,15,8,4,1,1,0,6,39),(22500005,156,5,3,0,0,2,0,1,11),(22500005,157,32,15,4,1,0,1,1,44),(22500005,280,55,8,5,2,1,2,4,45),(22500005,281,3,0,0,0,0,0,2,6),(22500005,282,7,8,2,1,0,3,4,43),(22500005,283,5,2,2,0,0,2,4,14),(22500005,284,15,12,2,2,0,3,3,38),(22500005,289,0,1,0,0,0,0,2,15),(22500005,290,0,0,0,0,0,0,0,1),(22500005,291,23,9,0,0,1,1,4,35),(22500005,293,2,3,0,0,0,0,3,14),(22500005,294,26,3,4,1,0,1,2,38),(22500005,297,5,14,2,0,0,2,5,36),(22500006,246,6,4,2,0,0,2,5,38),(22500006,251,2,2,1,0,1,2,2,15),(22500006,252,10,2,0,1,0,0,1,21),(22500006,253,4,5,3,1,0,0,4,19),(22500006,255,21,13,10,1,1,2,3,40),(22500006,256,8,3,2,0,1,0,1,12),(22500006,257,0,0,0,1,0,1,0,5),(22500006,259,5,3,2,1,0,1,3,32),(22500006,261,25,3,10,3,0,3,2,40),(22500006,262,50,8,2,0,1,2,1,38),(22500006,334,6,6,1,1,0,0,2,11),(22500006,335,14,5,3,0,0,1,3,36),(22500006,336,11,3,1,1,0,1,3,34),(22500006,337,6,5,3,1,0,0,1,16),(22500006,339,11,2,2,1,0,1,1,22),(22500006,341,21,5,6,3,0,0,1,38),(22500006,343,13,3,2,1,1,2,2,28),(22500006,344,0,0,0,0,0,0,0,4),(22500006,346,13,8,8,0,1,1,2,34),(22500006,347,42,6,7,3,1,2,1,36),(22500007,106,4,2,0,0,0,0,3,6),(22500007,107,15,11,5,1,3,2,3,30),(22500007,108,11,1,1,2,0,0,1,17),(22500007,109,4,7,3,3,0,1,0,23),(22500007,111,13,5,6,1,0,2,3,24),(22500007,112,3,2,1,0,0,1,5,27),(22500007,113,3,4,2,0,1,1,5,17),(22500007,114,3,2,1,1,0,2,1,10),(22500007,117,20,7,2,1,0,3,3,25),(22500007,118,5,6,2,2,0,2,1,19),(22500007,119,0,0,0,0,0,0,0,6),(22500007,120,35,1,2,0,0,5,0,29),(22500007,121,8,7,2,1,2,4,4,20),(22500007,122,2,4,2,0,0,0,1,6),(22500007,123,12,5,4,0,1,5,3,28),(22500007,124,11,4,1,1,0,2,4,26),(22500007,125,4,2,0,1,0,2,0,8),(22500007,127,6,3,0,0,0,1,4,15),(22500007,128,10,3,1,1,0,2,5,17),(22500007,129,6,1,0,0,0,1,0,12),(22500007,131,9,0,5,3,0,3,2,22),(22500007,133,4,9,3,1,1,3,3,25),(22500007,134,2,3,1,1,0,1,2,16),(22500007,135,2,3,0,2,0,0,0,6),(22500007,136,11,4,0,1,0,1,0,6),(22500007,137,8,0,1,0,0,0,1,25),(22500008,246,7,3,2,2,0,0,1,27),(22500008,248,0,0,0,0,0,0,0,1),(22500008,249,0,1,0,0,0,0,0,1),(22500008,251,12,2,1,1,2,1,0,24),(22500008,252,20,1,3,0,0,0,2,31),(22500008,253,2,5,0,0,0,1,3,13),(22500008,254,0,0,0,0,0,0,0,1),(22500008,255,25,19,10,2,1,3,4,36),(22500008,256,4,4,0,0,1,1,3,10),(22500008,257,0,0,0,0,0,0,1,0),(22500008,258,0,0,0,0,0,0,0,1),(22500008,259,5,2,2,0,0,2,5,18),(22500008,260,0,0,0,0,0,0,0,1),(22500008,261,43,6,3,0,0,2,2,37),(22500008,262,9,3,3,0,0,2,3,32),(22500008,263,12,3,4,1,0,1,2,29),(22500008,264,9,3,1,1,0,1,2,25),(22500008,265,25,3,1,0,4,2,1,35),(22500008,266,4,0,2,1,0,3,2,12),(22500008,269,4,2,1,0,0,2,2,15),(22500008,270,0,0,0,0,0,0,0,2),(22500008,271,10,3,4,1,1,0,0,25),(22500008,272,18,7,2,1,1,2,4,27),(22500008,273,0,0,0,0,0,0,1,2),(22500008,276,8,5,1,1,2,1,4,26),(22500008,277,24,7,3,2,1,2,4,34),(22500008,278,0,0,0,0,0,0,0,2),(22500018,2,10,1,4,3,0,2,2,27),(22500018,3,23,4,3,1,1,7,5,35),(22500018,5,15,4,4,1,0,1,3,33),(22500018,6,8,5,6,1,0,1,3,35),(22500018,8,0,4,0,1,4,0,2,15),(22500018,9,7,3,0,0,0,1,2,13),(22500018,10,0,0,0,0,0,0,0,2),(22500018,11,6,4,1,2,0,0,4,22),(22500018,13,18,3,0,1,1,1,1,27),(22500018,15,0,1,0,0,0,0,0,4),(22500018,16,0,1,0,0,0,0,0,0),(22500018,17,8,7,1,0,1,2,3,21),(22500018,35,6,3,0,0,1,1,2,15),(22500018,36,10,4,4,1,1,0,2,32),(22500018,37,2,14,3,0,0,0,3,18),(22500018,39,10,2,1,2,0,1,3,29),(22500018,41,31,3,5,0,0,1,1,34),(22500018,42,2,0,4,1,0,3,1,13),(22500018,45,12,6,2,2,1,2,2,36),(22500018,46,3,5,1,0,0,0,0,13),(22500018,47,26,13,3,1,1,5,2,33),(22500018,48,3,3,0,0,0,2,1,13),(22500019,263,13,0,4,2,0,0,2,28),(22500019,264,0,2,0,0,0,2,2,13),(22500019,265,10,2,0,0,1,0,5,27),(22500019,266,0,0,0,0,0,0,1,0),(22500019,267,31,4,5,0,1,2,0,34),(22500019,268,0,0,1,0,0,0,0,3),(22500019,269,9,0,2,1,0,0,1,16),(22500019,270,1,1,0,0,0,0,1,3),(22500019,271,0,2,1,0,0,2,4,9),(22500019,272,5,5,2,1,1,1,3,22),(22500019,273,2,4,0,0,0,0,0,4),(22500019,274,9,3,1,0,0,0,4,13),(22500019,276,2,7,2,0,0,1,3,28),(22500019,277,26,9,6,0,0,3,0,29),(22500019,278,2,1,0,0,0,1,1,3),(22500019,369,2,7,0,2,2,1,2,19),(22500019,370,0,1,0,0,0,0,1,7),(22500019,371,15,8,0,0,1,2,3,30),(22500019,372,5,2,5,1,0,0,3,24),(22500019,373,0,0,0,0,0,0,1,3),(22500019,374,0,0,0,0,0,0,1,3),(22500019,376,6,0,1,1,0,1,2,27),(22500019,378,25,7,11,0,0,1,1,36),(22500019,381,23,2,0,0,0,0,1,31),(22500019,383,3,0,1,2,0,2,1,20),(22500019,384,49,11,8,0,0,3,4,34),(22500020,142,12,2,0,3,0,2,2,19),(22500020,143,3,2,0,0,0,1,0,8),(22500020,144,17,3,3,0,0,1,2,27),(22500020,147,8,5,5,1,0,2,3,25),(22500020,150,2,3,0,0,0,0,1,4),(22500020,151,9,11,2,0,0,0,3,27),(22500020,152,12,2,1,1,0,0,1,25),(22500020,154,4,7,1,0,0,0,1,28),(22500020,155,15,4,4,1,1,3,0,22),(22500020,156,8,5,2,0,2,1,1,21),(22500020,157,18,5,5,0,0,2,2,29),(22500020,509,0,0,0,0,0,0,0,1),(22500020,510,22,13,8,2,1,1,2,33),(22500020,511,11,3,7,1,0,0,2,16),(22500020,512,6,3,2,0,0,0,2,27),(22500020,513,18,9,6,3,0,1,2,37),(22500020,514,21,3,3,2,0,3,1,32),(22500020,515,15,8,1,0,1,3,1,23),(22500020,516,13,1,1,1,1,1,4,22),(22500020,518,2,0,0,1,0,0,1,1),(22500020,519,0,0,0,0,0,0,0,1),(22500020,520,14,9,2,0,2,1,4,25),(22500020,521,6,6,0,0,0,0,4,15),(22500020,525,0,0,0,0,0,0,0,1),(22500021,2,19,4,2,0,1,1,1,28),(22500021,3,32,3,6,1,1,5,4,31),(22500021,4,2,8,1,0,1,0,2,22),(22500021,5,15,4,4,2,1,2,3,35),(22500021,6,15,2,5,2,0,1,0,33),(22500021,9,5,4,1,0,0,0,1,12),(22500021,11,5,5,2,2,0,0,5,14),(22500021,13,3,6,3,1,0,0,2,24),(22500021,14,9,5,1,0,0,0,2,15),(22500021,15,0,0,0,0,0,0,1,2),(22500021,17,4,4,1,0,3,0,3,19),(22500021,52,26,8,14,2,2,5,2,43),(22500021,53,6,2,0,1,1,0,1,11),(22500021,54,16,2,3,1,0,3,1,33),(22500021,57,17,9,0,2,0,3,2,40),(22500021,58,2,4,1,0,0,0,2,12),(22500021,59,0,0,1,0,0,1,0,11),(22500021,61,20,6,3,0,2,4,2,25),(22500021,65,2,3,0,0,2,1,1,11),(22500021,66,2,1,0,0,0,0,0,11),(22500021,68,17,5,5,0,0,1,2,39),(22500022,71,2,0,0,0,0,0,0,5),(22500022,73,20,8,5,2,0,2,3,35),(22500022,74,14,10,5,1,1,3,2,34),(22500022,75,4,1,6,2,0,2,0,26),(22500022,76,20,3,2,2,0,2,2,36),(22500022,77,6,4,0,0,0,0,3,20),(22500022,78,3,1,0,0,0,1,0,10),(22500022,81,9,7,4,0,0,1,4,21),(22500022,82,3,7,2,1,1,1,3,16),(22500022,83,11,6,3,1,1,3,0,18),(22500022,85,20,1,0,0,1,1,1,15),(22500022,105,8,5,5,1,0,2,0,25),(22500022,106,4,3,1,1,0,0,0,12),(22500022,107,29,8,3,3,1,3,2,35),(22500022,109,5,4,1,1,2,1,1,20),(22500022,111,26,6,2,0,1,3,3,33),(22500022,112,18,3,4,0,3,2,4,33),(22500022,113,0,2,0,0,0,0,3,19),(22500022,114,4,2,2,1,0,1,0,14),(22500022,118,5,4,4,3,2,0,1,30),(22500022,119,2,5,2,0,1,1,1,14),(22500023,35,6,1,2,0,1,2,1,12),(22500023,36,8,2,2,1,0,1,2,29),(22500023,37,0,1,1,0,0,1,2,15),(22500023,39,26,4,3,1,1,1,4,36),(22500023,41,29,2,7,0,0,2,4,35),(22500023,42,0,1,0,0,0,1,1,4),(22500023,44,4,11,2,0,0,1,3,19),(22500023,45,23,4,6,0,1,1,4,37),(22500023,46,3,2,0,0,1,0,1,3),(22500023,47,22,10,4,0,1,2,2,31),(22500023,48,4,1,0,1,0,0,1,14),(22500023,88,32,10,9,1,0,0,1,38),(22500023,92,26,7,2,0,0,1,3,30),(22500023,93,22,4,9,1,0,1,3,29),(22500023,95,12,6,2,2,1,2,0,25),(22500023,96,13,0,1,1,1,1,4,29),(22500023,97,0,0,0,0,0,0,0,5),(22500023,99,10,9,2,1,2,0,3,17),(22500023,100,8,4,3,0,1,0,3,24),(22500023,101,3,0,0,1,0,0,2,16),(22500023,102,9,1,3,1,1,2,3,23),(22500024,369,2,4,1,0,1,0,1,13),(22500024,370,5,2,1,1,0,0,2,15),(22500024,371,9,0,0,0,0,1,0,16),(22500024,375,2,7,5,0,1,0,1,23),(22500024,376,13,5,2,3,0,1,0,23),(22500024,378,21,4,4,1,0,2,2,36),(22500024,381,9,3,1,1,1,1,4,38),(22500024,383,12,3,4,2,0,3,3,34),(22500024,384,44,12,6,0,0,5,3,38),(22500024,455,16,7,0,0,0,0,2,26),(22500024,458,12,2,5,0,0,1,0,24),(22500024,459,7,2,2,1,0,2,5,17),(22500024,460,7,10,4,1,0,2,2,26),(22500024,461,15,4,1,0,0,2,6,31),(22500024,463,8,1,7,1,0,1,1,30),(22500024,468,13,10,3,3,0,2,2,26),(22500024,469,12,0,3,2,0,1,2,18),(22500024,470,16,5,1,1,0,0,4,25),(22500024,472,6,1,2,0,0,0,1,12),(22500025,316,0,0,0,0,0,0,0,5),(22500025,317,8,3,3,0,0,1,2,25),(22500025,318,17,8,9,1,1,3,3,32),(22500025,319,8,1,0,0,0,0,1,14),(22500025,321,0,3,1,0,0,1,1,22),(22500025,322,3,0,2,0,0,0,1,8),(22500025,323,5,0,1,0,0,0,2,12),(22500025,325,6,8,3,1,0,3,1,22),(22500025,326,2,2,1,0,0,2,2,10),(22500025,327,33,4,0,0,1,2,1,34),(22500025,328,4,13,1,1,0,3,4,28),(22500025,329,3,0,0,0,0,1,2,5),(22500025,330,7,6,2,1,1,5,2,17),(22500025,385,13,5,2,2,0,1,1,33),(22500025,386,13,10,2,2,0,1,2,31),(22500025,387,36,6,9,0,1,1,4,38),(22500025,388,4,0,0,0,0,0,1,6),(22500025,391,14,7,6,3,1,1,3,31),(22500025,392,0,0,0,0,1,0,0,1),(22500025,393,8,1,1,1,0,3,6,19),(22500025,394,12,3,6,1,1,0,4,27),(22500025,396,9,7,0,0,2,0,2,25),(22500025,397,0,0,1,0,0,0,0,3),(22500025,398,0,0,0,0,0,0,0,1),(22500025,399,2,1,0,0,0,0,0,3),(22500025,401,7,4,3,1,0,2,2,16),(22500026,246,5,3,1,0,1,4,5,30),(22500026,251,10,4,1,2,1,2,2,22),(22500026,252,11,2,2,1,0,0,0,22),(22500026,253,5,3,0,0,1,0,2,19),(22500026,255,21,14,9,1,2,3,1,37),(22500026,256,10,3,1,0,1,2,4,10),(22500026,259,9,6,1,0,1,0,2,31),(22500026,261,22,6,3,1,0,2,2,34),(22500026,262,14,5,1,1,0,3,3,31),(22500026,300,5,0,2,2,0,0,0,9),(22500026,303,11,3,13,2,0,2,2,32),(22500026,304,23,4,4,0,0,4,5,32),(22500026,305,16,5,0,2,1,2,3,31),(22500026,307,19,4,1,0,1,1,1,24),(22500026,309,2,0,0,0,0,0,0,6),(22500026,310,5,15,1,0,0,0,2,24),(22500026,311,10,6,1,3,0,2,4,29),(22500026,312,0,0,0,0,0,0,0,7),(22500026,313,14,2,3,2,2,1,5,30),(22500026,314,4,4,1,0,1,0,2,11),(22500027,351,9,1,2,0,0,1,2,21),(22500027,352,24,5,14,2,0,4,2,39),(22500027,353,34,5,5,6,0,2,2,36),(22500027,354,3,1,4,0,0,0,0,8),(22500027,356,16,3,1,0,2,0,1,28),(22500027,357,6,0,0,3,0,1,4,22),(22500027,359,3,3,0,1,1,1,0,14),(22500027,363,14,3,1,0,0,1,0,18),(22500027,366,3,5,0,0,0,2,3,16),(22500027,367,14,11,1,0,3,0,5,33),(22500027,473,13,4,8,4,0,0,2,29),(22500027,474,29,6,3,0,0,3,3,32),(22500027,475,11,4,4,1,0,2,0,30),(22500027,476,30,2,2,0,1,5,2,32),(22500027,482,4,2,1,1,0,0,2,16),(22500027,483,0,2,0,0,1,0,1,3),(22500027,484,6,9,3,0,1,3,2,27),(22500027,485,6,5,0,0,1,1,3,12),(22500027,488,17,5,6,2,0,1,3,33),(22500027,489,8,4,1,0,0,0,0,21),(22500028,2,11,2,2,0,1,1,5,17),(22500028,3,32,9,3,1,0,4,3,36),(22500028,4,12,8,1,1,0,2,3,25),(22500028,5,16,2,10,3,1,1,4,37),(22500028,6,27,2,4,1,0,3,3,31),(22500028,10,2,6,0,1,1,2,1,18),(22500028,11,0,4,1,0,0,1,1,8),(22500028,13,3,3,3,1,0,0,0,20),(22500028,14,2,0,0,0,3,0,3,13),(22500028,17,5,8,2,1,2,0,4,30),(22500028,211,13,4,4,4,1,1,3,32),(22500028,212,3,1,0,0,0,1,0,4),(22500028,213,0,1,0,0,0,0,1,7),(22500028,214,22,6,7,1,2,1,3,36),(22500028,215,14,3,5,0,0,3,5,20),(22500028,216,15,9,4,1,1,2,0,36),(22500028,223,27,6,6,0,1,3,2,37),(22500028,224,11,2,0,0,0,0,0,17),(22500028,225,18,5,1,2,0,3,2,31),(22500028,226,0,7,1,0,2,1,2,15),(22500029,106,4,2,0,2,0,0,0,5),(22500029,107,18,10,3,1,1,1,1,27),(22500029,108,14,2,2,1,0,0,2,18),(22500029,109,2,5,2,0,0,1,3,15),(22500029,110,20,2,9,1,0,2,0,28),(22500029,111,8,5,2,1,0,2,0,21),(22500029,112,10,4,2,1,0,0,4,23),(22500029,113,5,2,1,0,1,0,1,14),(22500029,114,17,2,3,0,0,1,2,18),(22500029,116,6,2,0,1,1,0,2,5),(22500029,117,16,14,3,2,1,1,2,26),(22500029,119,4,2,2,1,1,0,0,8),(22500029,120,24,5,5,4,1,2,0,25),(22500029,229,4,0,0,0,1,2,1,5),(22500029,230,0,0,0,0,0,1,1,4),(22500029,231,25,2,3,1,0,3,4,27),(22500029,232,4,0,2,0,0,1,2,8),(22500029,233,6,6,0,0,1,1,4,20),(22500029,234,6,4,11,0,1,2,1,28),(22500029,236,6,11,2,2,0,1,0,18),(22500029,237,19,3,1,0,0,2,4,28),(22500029,239,3,0,0,0,0,1,0,1),(22500029,241,20,4,4,1,4,3,0,30),(22500029,242,4,2,4,0,0,2,3,21),(22500029,243,16,3,4,1,0,1,2,20),(22500029,244,0,2,1,0,0,0,1,10),(22500029,245,2,7,0,0,0,0,1,11),(22500030,71,11,1,0,1,0,0,2,13),(22500030,73,20,6,4,1,1,2,3,34),(22500030,74,14,10,4,1,2,0,3,35),(22500030,75,18,5,6,3,0,2,2,34),(22500030,76,19,5,4,0,0,1,3,33),(22500030,77,3,4,1,0,2,2,2,17),(22500030,78,0,0,0,1,0,2,1,5),(22500030,80,12,10,1,1,1,2,4,25),(22500030,81,0,1,2,1,0,1,1,13),(22500030,83,12,6,1,1,0,0,0,20),(22500030,85,0,0,0,1,0,0,0,6),(22500030,510,21,7,4,1,0,6,2,33),(22500030,511,7,3,3,2,1,1,2,19),(22500030,513,7,8,8,2,1,2,2,34),(22500030,514,20,2,3,0,0,3,3,29),(22500030,515,17,7,3,0,4,0,0,29),(22500030,516,16,5,0,2,1,0,4,30),(22500030,520,7,11,0,1,0,2,4,26),(22500030,521,2,7,1,0,0,0,0,18),(22500030,523,0,4,2,0,0,1,2,17),(22500031,18,6,2,1,0,0,1,1,16),(22500031,20,6,4,2,0,0,3,2,27),(22500031,22,8,3,7,1,0,1,3,23),(22500031,23,2,1,0,0,0,0,2,5),(22500031,24,0,0,0,0,0,0,1,5),(22500031,25,2,1,3,1,0,2,1,19),(22500031,26,3,0,3,0,0,1,3,21),(22500031,27,28,5,2,1,0,4,1,31),(22500031,28,7,4,3,0,0,3,4,17),(22500031,29,19,1,2,1,0,1,2,30),(22500031,30,9,1,1,0,0,1,0,10),(22500031,32,17,8,2,1,1,2,4,30),(22500031,121,30,11,0,3,0,1,4,30),(22500031,123,34,1,10,1,0,4,3,32),(22500031,124,5,5,1,0,0,3,0,24),(22500031,125,6,6,2,2,0,0,2,15),(22500031,126,10,3,4,1,0,1,0,20),(22500031,127,14,6,4,3,1,1,3,33),(22500031,129,0,1,0,0,0,0,0,3),(22500031,131,3,1,0,1,0,0,0,5),(22500031,133,4,3,1,0,0,1,1,8),(22500031,134,8,3,1,1,0,0,2,19),(22500031,135,4,5,1,0,0,1,2,14),(22500031,137,7,1,8,2,0,1,2,31),(22500032,440,14,7,3,1,1,3,3,38),(22500032,444,24,1,2,1,0,8,5,36),(22500032,445,0,0,0,0,0,0,0,0),(22500032,446,5,8,2,0,1,1,1,26),(22500032,447,3,8,1,1,0,0,2,20),(22500032,448,16,0,6,1,0,1,3,26),(22500032,449,11,2,2,2,0,4,0,24),(22500032,450,12,3,0,5,0,3,5,24),(22500032,452,25,9,8,1,1,3,5,35),(22500032,453,0,3,1,0,1,0,0,6),(22500032,491,9,1,1,1,0,0,0,9),(22500032,492,22,8,4,1,2,4,5,37),(22500032,494,8,6,4,1,0,2,2,27),(22500032,496,14,6,13,2,1,5,3,36),(22500032,498,2,1,0,0,0,0,0,5),(22500032,499,2,2,2,0,0,3,3,15),(22500032,502,15,3,3,4,0,1,2,33),(22500032,505,22,7,1,4,1,2,0,31),(22500032,506,24,5,2,2,0,3,4,38),(22500032,507,3,1,0,0,0,0,0,6),(22500033,176,14,12,7,0,1,4,2,41),(22500033,179,10,2,1,0,0,3,2,32),(22500033,180,30,8,3,1,1,2,4,40),(22500033,184,10,5,0,0,4,3,1,27),(22500033,186,10,11,0,0,3,1,2,21),(22500033,187,6,5,0,0,0,1,1,9),(22500033,189,20,9,7,1,0,4,4,35),(22500033,191,0,1,3,1,0,0,0,12),(22500033,193,8,4,1,1,0,0,2,19),(22500033,195,11,2,2,0,0,0,1,19),(22500033,197,10,4,3,3,1,1,2,19),(22500033,198,7,6,0,1,3,0,2,29),(22500033,199,19,4,2,1,0,0,3,26),(22500033,201,18,8,9,0,2,2,2,32),(22500033,202,5,0,3,1,0,0,4,15),(22500033,206,22,4,4,1,1,2,1,36),(22500033,207,25,4,3,0,0,2,2,27),(22500033,209,9,5,5,3,0,1,4,32),(22500034,421,18,1,1,0,1,2,2,28),(22500034,422,8,3,2,1,1,2,1,16),(22500034,425,9,3,5,0,0,3,0,16),(22500034,426,0,4,2,0,0,0,1,8),(22500034,427,6,0,2,0,0,0,0,9),(22500034,428,11,1,3,2,0,3,3,22),(22500034,430,16,7,4,1,0,1,1,25),(22500034,432,0,3,0,0,1,0,3,17),(22500034,433,0,1,0,0,0,0,2,12),(22500034,434,14,6,1,1,1,2,2,25),(22500034,435,10,8,0,0,1,2,1,14),(22500034,436,0,1,3,1,0,0,1,17),(22500034,437,12,6,2,1,1,2,3,27),(22500034,455,8,5,1,0,0,1,2,25),(22500034,458,12,3,1,0,0,0,2,24),(22500034,459,0,3,1,0,0,0,2,15),(22500034,460,16,2,2,0,0,2,2,28),(22500034,461,17,4,0,0,0,1,1,28),(22500034,462,0,0,0,0,0,0,0,0),(22500034,463,21,5,13,3,0,7,5,32),(22500034,466,0,0,0,0,0,0,0,0),(22500034,467,0,0,0,0,0,0,0,0),(22500034,468,21,9,4,0,0,0,2,27),(22500034,469,12,2,2,2,0,1,3,18),(22500034,470,11,7,3,0,0,1,1,29),(22500034,471,0,0,0,1,0,0,0,0),(22500034,472,0,2,0,2,1,0,0,9),(22500035,88,16,7,14,1,0,4,1,34),(22500035,90,2,1,1,0,0,0,0,5),(22500035,92,16,6,1,1,0,2,3,31),(22500035,93,7,0,3,2,0,1,1,20),(22500035,95,13,3,5,0,1,3,3,23),(22500035,96,20,8,3,2,1,3,1,35),(22500035,97,0,0,0,0,0,0,0,3),(22500035,99,7,5,3,0,0,1,3,16),(22500035,100,17,5,4,1,0,0,2,29),(22500035,101,6,4,0,1,1,0,4,16),(22500035,102,6,6,0,1,0,0,1,23),(22500035,159,0,0,0,0,0,0,1,3),(22500035,160,23,8,0,4,1,2,4,31),(22500035,161,5,3,0,0,0,1,0,22),(22500035,163,7,5,2,0,0,1,1,19),(22500035,166,20,6,4,3,1,1,2,30),(22500035,167,2,2,1,0,0,0,0,9),(22500035,168,11,8,1,0,1,0,2,28),(22500035,170,6,4,5,0,1,1,3,34),(22500035,171,41,15,9,2,2,4,1,37),(22500035,175,11,2,5,1,0,1,2,22),(22500036,263,3,6,2,1,1,1,2,20),(22500036,265,22,7,1,3,2,2,2,27),(22500036,266,8,2,1,0,0,0,0,11),(22500036,267,37,5,1,1,1,4,2,26),(22500036,268,0,0,3,0,0,0,2,8),(22500036,269,12,1,3,0,0,0,0,8),(22500036,270,0,0,0,0,0,1,0,5),(22500036,271,5,1,2,0,0,0,1,16),(22500036,272,5,4,3,1,1,0,1,23),(22500036,273,6,3,0,0,1,2,2,8),(22500036,274,6,1,2,2,1,0,4,19),(22500036,276,8,9,2,1,3,2,3,28),(22500036,277,19,10,12,1,0,7,3,26),(22500036,278,6,3,0,0,0,2,1,8),(22500036,316,4,2,1,2,1,0,0,17),(22500036,317,8,4,4,0,0,1,2,12),(22500036,318,18,4,2,1,0,3,1,25),(22500036,319,5,1,0,1,0,0,1,9),(22500036,320,10,0,3,0,0,4,2,26),(22500036,321,6,2,2,0,0,1,3,18),(22500036,322,4,3,2,0,1,1,2,11),(22500036,323,1,1,0,0,0,0,1,6),(22500036,325,12,6,3,1,0,3,1,23),(22500036,326,9,10,2,2,0,2,4,21),(22500036,327,12,2,2,3,0,0,1,21),(22500036,329,5,0,3,0,0,0,1,23),(22500036,330,3,4,4,1,1,2,3,19),(22500036,333,0,1,0,0,0,0,0,3),(22500037,246,12,7,4,1,0,3,2,31),(22500037,248,4,1,0,0,1,0,2,6),(22500037,249,0,1,0,0,0,0,1,3),(22500037,251,10,3,1,2,1,0,1,24),(22500037,252,7,3,2,0,0,0,0,18),(22500037,253,6,1,1,0,0,1,3,18),(22500037,255,26,9,9,0,1,1,2,28),(22500037,256,16,6,1,0,0,0,0,15),(22500037,257,2,0,0,1,0,0,0,4),(22500037,258,5,0,0,0,0,0,1,4),(22500037,259,0,1,4,1,0,0,1,25),(22500037,260,0,2,3,0,0,0,0,4),(22500037,261,23,4,8,2,1,3,2,30),(22500037,262,18,3,1,1,0,0,0,23),(22500037,334,2,2,1,0,0,0,0,6),(22500037,335,6,7,3,0,1,2,1,26),(22500037,336,7,2,3,0,1,2,1,24),(22500037,337,12,3,2,0,0,0,2,18),(22500037,338,2,3,3,0,0,1,1,19),(22500037,339,8,0,0,0,0,2,2,19),(22500037,341,16,3,3,1,0,0,1,30),(22500037,342,1,4,0,1,0,0,1,6),(22500037,344,14,3,1,0,0,0,2,19),(22500037,346,17,6,4,1,1,3,2,25),(22500037,348,9,7,3,0,2,0,3,18),(22500037,350,10,6,5,1,0,2,2,23),(22500038,280,30,1,3,2,1,1,2,29),(22500038,281,0,0,0,0,0,0,2,7),(22500038,283,6,3,1,0,2,1,1,21),(22500038,284,10,7,1,0,1,2,5,21),(22500038,286,3,2,5,1,0,0,0,21),(22500038,287,14,6,1,1,0,2,2,27),(22500038,289,3,5,1,0,0,0,1,16),(22500038,292,15,2,2,1,0,0,0,27),(22500038,293,0,2,0,0,0,1,0,4),(22500038,294,18,5,10,3,1,2,1,31),(22500038,297,33,19,3,1,3,2,2,30),(22500038,404,15,3,1,1,1,1,2,23),(22500038,405,0,3,2,0,0,0,1,16),(22500038,406,4,4,0,1,0,0,0,16),(22500038,408,9,2,2,1,0,2,3,28),(22500038,410,18,4,3,0,0,1,3,28),(22500038,413,2,2,8,0,0,0,1,25),(22500038,414,24,7,9,0,0,7,3,35),(22500038,415,16,1,0,1,2,3,3,23),(22500038,416,2,1,1,1,0,0,0,5),(22500038,417,3,1,0,0,0,0,3,12),(22500038,419,8,10,1,1,0,1,1,23),(22500080,18,1,3,1,1,0,0,1,14),(22500080,20,2,2,0,0,0,1,4,7),(22500080,22,14,5,2,1,0,2,3,22),(22500080,25,5,3,5,2,0,3,1,25),(22500080,26,13,1,1,1,0,1,4,19),(22500080,27,12,4,5,0,0,0,2,25),(22500080,28,14,4,0,1,2,5,5,14),(22500080,29,5,4,2,0,0,1,2,20),(22500080,30,8,0,0,0,0,1,1,14),(22500080,31,15,1,2,0,1,2,2,24),(22500080,32,17,4,2,0,0,1,0,22),(22500080,33,8,7,4,0,0,0,2,20),(22500080,34,3,0,1,2,0,0,1,8),(22500080,176,18,11,4,1,0,1,1,30),(22500080,177,20,2,8,0,0,3,3,33),(22500080,179,2,4,2,0,1,0,2,16),(22500080,180,11,5,1,0,0,2,3,25),(22500080,181,15,1,3,1,0,1,2,17),(22500080,184,10,11,1,0,2,4,4,26),(22500080,186,13,9,0,1,1,2,3,21),(22500080,189,12,3,6,1,0,2,1,20),(22500080,190,25,0,7,1,1,1,4,30),(22500080,192,10,4,1,0,0,0,2,17),(22500081,195,13,2,1,0,0,1,2,18),(22500081,197,9,3,0,1,0,3,2,23),(22500081,198,7,4,0,1,1,1,2,13),(22500081,199,0,0,0,0,0,0,2,3),(22500081,201,13,6,1,2,0,2,3,29),(22500081,202,2,1,5,1,0,1,2,13),(22500081,203,15,12,2,0,0,4,3,34),(22500081,206,18,4,1,1,1,1,4,31),(22500081,207,28,9,4,1,1,3,4,36),(22500081,209,16,6,12,2,1,1,4,34),(22500081,211,7,3,3,0,1,0,2,23),(22500081,212,0,1,0,1,0,0,0,7),(22500081,213,0,2,3,0,1,2,0,23),(22500081,214,23,4,3,0,2,4,4,32),(22500081,215,14,4,2,2,0,2,3,16),(22500081,216,24,11,1,1,1,2,1,35),(22500081,223,24,4,6,2,0,2,5,35),(22500081,224,16,1,0,0,0,1,0,18),(22500081,225,9,8,1,1,1,2,4,29),(22500081,226,8,8,4,1,1,0,1,18),(22500082,71,21,5,0,1,0,0,1,23),(22500082,72,4,4,0,0,0,0,1,10),(22500082,73,16,9,3,2,0,5,3,26),(22500082,74,22,6,9,1,2,1,4,31),(22500082,75,13,4,8,1,0,3,3,28),(22500082,76,25,8,5,2,0,4,5,29),(22500082,80,14,6,2,0,1,2,6,22),(22500082,81,10,2,5,1,0,2,1,19),(22500082,82,4,3,1,2,0,0,3,19),(22500082,83,7,4,3,0,1,2,4,17),(22500082,85,2,3,0,0,0,0,0,9),(22500082,510,22,7,8,1,1,3,1,34),(22500082,511,0,0,0,1,0,1,2,8),(22500082,512,6,4,3,1,0,3,3,30),(22500082,513,4,3,2,2,0,3,5,22),(22500082,514,10,4,4,1,1,1,2,28),(22500082,515,20,7,2,0,2,2,4,25),(22500082,516,16,2,0,0,1,0,1,20),(22500082,517,22,1,5,1,0,2,4,34),(22500082,520,18,6,1,0,0,0,2,29),(22500082,521,0,0,0,0,1,0,0,5),(22500083,2,13,4,1,1,1,0,2,32),(22500083,3,25,6,4,0,0,2,4,36),(22500083,4,2,2,2,0,0,0,4,14),(22500083,5,25,3,4,1,1,0,1,35),(22500083,6,16,5,2,2,0,2,3,37),(22500083,8,6,4,1,1,0,0,0,15),(22500083,9,4,7,1,2,1,0,4,15),(22500083,13,8,2,1,0,0,3,3,22),(22500083,14,0,1,0,0,1,2,1,5),(22500083,17,17,8,0,0,0,2,6,25),(22500083,52,40,2,6,2,1,1,5,41),(22500083,53,0,1,0,0,0,0,2,2),(22500083,54,10,5,5,0,0,5,3,31),(22500083,57,10,4,1,0,1,2,1,33),(22500083,58,0,0,0,0,0,0,0,0),(22500083,61,4,6,2,0,1,0,2,20),(22500083,64,13,8,5,0,1,2,3,34),(22500083,65,0,3,1,0,0,2,3,14),(22500083,66,6,4,0,0,0,0,3,18),(22500083,68,34,7,3,1,0,2,1,42),(22500084,88,19,5,11,0,1,6,5,28),(22500084,90,0,0,0,0,0,0,0,6),(22500084,92,28,14,2,1,0,1,2,32),(22500084,93,14,5,2,0,0,0,1,26),(22500084,95,15,5,0,1,2,1,2,27),(22500084,96,21,6,1,0,3,3,3,33),(22500084,99,2,5,1,0,0,0,1,13),(22500084,100,12,1,8,3,0,2,3,31),(22500084,101,0,5,4,0,0,2,5,22),(22500084,102,4,4,0,1,2,2,1,17),(22500084,121,15,6,1,1,2,1,4,19),(22500084,123,23,7,10,1,0,3,6,34),(22500084,124,19,4,3,2,1,2,5,26),(22500084,125,3,0,0,0,1,1,2,3),(22500084,126,8,1,2,1,0,1,1,21),(22500084,127,11,9,7,1,1,1,3,33),(22500084,128,10,9,4,1,0,0,2,34),(22500084,133,20,10,2,0,4,0,3,24),(22500084,134,0,0,0,1,1,0,0,9),(22500084,137,2,0,0,0,0,1,3,32),(22500085,455,14,3,4,1,0,2,3,27),(22500085,458,15,4,3,0,0,3,3,30),(22500085,460,5,6,2,1,2,2,5,24),(22500085,461,18,8,1,0,6,5,6,26),(22500085,462,0,0,3,0,1,1,0,19),(22500085,463,35,3,3,1,0,2,2,28),(22500085,467,10,5,0,0,0,0,2,15),(22500085,468,14,3,1,2,1,0,2,22),(22500085,469,7,0,2,0,0,0,0,12),(22500085,470,10,4,0,0,2,1,6,25),(22500085,472,0,3,1,0,0,1,0,7),(22500085,473,17,0,2,0,0,2,2,18),(22500085,474,27,9,5,5,0,3,2,33),(22500085,475,17,9,3,3,1,2,6,36),(22500085,476,17,0,2,0,0,0,3,31),(22500085,477,2,0,0,0,1,2,2,4),(22500085,484,5,7,1,1,1,3,5,23),(22500085,485,3,5,0,0,1,0,3,14),(22500085,487,8,4,1,0,0,1,1,17),(22500085,488,13,7,3,0,0,1,4,31),(22500085,489,13,6,3,1,0,0,2,29),(22500086,159,2,0,0,0,0,0,0,1),(22500086,160,11,8,5,0,3,1,3,29),(22500086,161,17,4,2,2,0,1,1,24),(22500086,162,10,0,2,1,0,0,0,9),(22500086,163,2,6,1,0,0,0,0,17),(22500086,164,0,0,0,0,0,0,0,1),(22500086,165,11,1,2,1,0,0,2,21),(22500086,166,9,4,3,2,0,2,3,29),(22500086,167,2,0,2,0,0,0,0,12),(22500086,168,12,4,3,2,2,1,1,23),(22500086,170,11,3,1,0,0,0,3,27),(22500086,171,37,14,5,0,0,2,4,26),(22500086,173,0,0,0,0,0,0,0,1),(22500086,174,0,0,0,0,0,0,0,1),(22500086,175,9,2,5,0,1,1,5,11),(22500086,229,0,0,0,0,0,0,0,1),(22500086,230,14,5,1,0,0,0,1,19),(22500086,231,9,6,3,0,0,0,1,29),(22500086,232,0,1,1,0,0,0,0,1),(22500086,234,11,5,2,1,0,1,3,29),(22500086,236,0,3,1,0,0,0,1,5),(22500086,237,16,5,2,1,1,4,1,26),(22500086,238,0,0,0,0,0,1,0,1),(22500086,239,2,0,0,0,0,0,1,1),(22500086,240,21,9,4,1,2,2,4,32),(22500086,241,10,11,3,0,0,1,1,25),(22500086,242,23,6,3,0,0,2,4,28),(22500086,243,11,1,1,0,1,1,0,18),(22500086,244,2,1,1,1,0,0,0,4),(22500086,245,1,3,1,1,0,1,2,14),(22500087,316,13,6,0,1,1,2,1,18),(22500087,318,16,2,9,2,0,3,1,29),(22500087,319,0,0,0,0,0,0,0,2),(22500087,321,9,1,3,1,0,0,0,24),(22500087,322,10,6,5,2,0,2,2,18),(22500087,325,2,4,2,0,0,1,1,20),(22500087,326,9,4,5,0,1,0,5,24),(22500087,327,20,6,5,0,0,1,0,33),(22500087,328,22,9,4,2,4,1,5,28),(22500087,329,20,4,2,1,0,1,5,22),(22500087,330,8,4,3,2,0,1,1,16),(22500087,351,5,1,0,1,0,1,4,20),(22500087,352,15,2,11,0,0,2,1,29),(22500087,353,10,4,2,1,1,2,2,29),(22500087,354,4,1,4,1,0,1,2,14),(22500087,355,0,1,1,1,0,0,0,3),(22500087,356,12,1,1,0,1,1,4,17),(22500087,357,0,5,1,1,0,2,0,22),(22500087,359,15,3,0,1,0,2,3,16),(22500087,360,5,2,1,0,0,0,0,8),(22500087,361,4,1,0,0,0,0,0,3),(22500087,363,14,7,1,1,2,2,1,27),(22500087,365,2,1,2,0,0,0,0,3),(22500087,366,3,2,1,1,1,0,4,14),(22500087,367,19,7,3,0,1,2,0,27),(22500088,385,12,5,2,1,0,1,2,29),(22500088,386,9,10,3,1,3,0,2,24),(22500088,387,31,5,3,1,0,6,5,36),(22500088,388,8,3,0,0,0,0,1,4),(22500088,389,22,4,3,2,1,2,5,33),(22500088,391,18,5,7,1,0,4,3,35),(22500088,393,7,4,1,0,0,1,3,19),(22500088,394,7,2,4,1,1,0,2,22),(22500088,396,6,11,0,0,2,1,2,23),(22500088,399,0,2,0,0,0,0,0,10),(22500088,403,3,1,0,1,2,0,5,14),(22500088,404,19,1,2,0,0,0,2,27),(22500088,405,2,8,2,2,1,1,4,23),(22500088,408,30,2,1,0,0,2,3,34),(22500088,409,0,3,0,0,0,0,0,7),(22500088,410,29,6,9,2,1,1,2,37),(22500088,413,14,1,7,2,1,4,3,29),(22500088,414,6,6,1,0,1,2,0,18),(22500088,415,4,4,0,2,4,2,1,21),(22500088,417,9,1,0,1,0,0,1,12),(22500088,419,0,4,2,0,0,1,1,11),(22500089,263,7,4,2,2,2,6,1,20),(22500089,264,10,5,5,1,0,2,3,25),(22500089,265,18,5,2,1,3,3,4,28),(22500089,267,41,7,1,0,1,4,4,39),(22500089,269,2,2,1,0,0,1,2,7),(22500089,271,3,2,0,1,0,1,2,12),(22500089,272,6,3,1,1,2,1,2,19),(22500089,274,2,4,3,2,0,1,2,16),(22500089,276,10,6,0,0,1,0,6,31),(22500089,277,19,7,6,2,1,0,3,37),(22500089,300,7,3,4,2,0,2,1,14),(22500089,302,2,2,2,2,0,0,1,13),(22500089,303,14,6,7,3,0,4,3,33),(22500089,304,20,7,1,0,1,2,2,32),(22500089,305,29,3,1,0,1,1,3,27),(22500089,306,2,1,0,0,0,0,1,5),(22500089,307,15,2,4,1,0,4,1,28),(22500089,310,8,6,1,2,1,1,3,30),(22500089,311,7,0,0,0,0,1,1,18),(22500089,313,10,9,5,0,0,0,1,34),(22500090,211,8,3,2,1,0,4,4,21),(22500090,212,0,0,0,0,0,0,0,0),(22500090,213,4,1,2,0,1,1,1,19),(22500090,214,15,7,5,0,0,3,2,33),(22500090,215,11,3,4,0,0,4,4,19),(22500090,216,11,6,1,0,0,3,3,35),(22500090,219,3,0,0,0,0,0,0,3),(22500090,223,27,6,2,1,0,4,5,35),(22500090,224,15,6,3,3,0,1,1,24),(22500090,225,10,8,2,2,0,2,4,31),(22500090,226,3,5,0,0,2,0,2,16),(22500090,510,12,8,1,1,0,3,5,25),(22500090,511,3,1,2,0,0,0,0,11),(22500090,512,6,3,2,1,0,2,3,22),(22500090,513,6,9,4,2,1,2,4,32),(22500090,514,19,1,4,1,0,1,0,30),(22500090,517,25,1,6,3,0,1,0,33),(22500090,518,0,3,0,0,0,1,0,3),(22500090,519,5,0,0,0,0,0,1,3),(22500090,520,17,4,3,1,3,2,5,33),(22500090,521,13,8,3,0,1,3,2,29),(22500090,523,5,2,1,0,0,1,1,13),(22500091,18,25,2,0,2,0,0,4,27),(22500091,22,9,6,4,0,0,3,4,24),(22500091,25,3,3,1,0,0,0,0,8),(22500091,26,4,1,2,1,0,0,4,24),(22500091,27,31,8,3,1,0,2,3,36),(22500091,28,2,2,3,1,0,2,3,14),(22500091,29,5,5,3,1,0,4,0,20),(22500091,31,33,2,9,0,0,3,3,34),(22500091,32,10,9,4,3,0,2,5,31),(22500091,33,2,0,1,0,0,3,2,18),(22500091,105,2,2,8,2,0,2,0,22),(22500091,107,13,8,5,0,2,3,2,34),(22500091,108,22,1,5,1,1,4,4,26),(22500091,109,14,2,2,1,0,0,0,14),(22500091,112,8,4,1,3,1,1,3,22),(22500091,113,9,3,1,1,0,0,0,15),(22500091,114,0,1,0,1,0,2,2,11),(22500091,117,22,7,4,2,1,2,2,30),(22500091,118,6,6,1,0,0,0,2,26),(22500091,120,35,2,5,3,0,3,3,34),(22500092,71,5,4,1,1,0,1,1,17),(22500092,72,0,2,0,0,1,1,0,3),(22500092,73,29,6,3,0,1,4,1,37),(22500092,74,17,5,3,3,0,3,3,35),(22500092,75,19,7,8,2,0,2,2,36),(22500092,76,20,6,2,2,2,2,2,32),(22500092,80,6,5,2,0,0,1,5,26),(22500092,81,4,0,4,1,0,0,0,11),(22500092,82,3,1,1,0,0,1,3,11),(22500092,83,4,3,1,0,0,0,3,15),(22500092,85,9,2,0,1,0,1,1,10),(22500092,160,4,5,2,1,2,3,4,28),(22500092,161,20,2,4,0,0,1,5,29),(22500092,163,11,8,0,0,0,1,3,21),(22500092,165,3,3,3,1,0,1,1,21),(22500092,166,13,5,2,3,1,3,1,29),(22500092,167,0,0,0,0,0,1,0,2),(22500092,168,8,3,0,1,1,1,3,17),(22500092,170,9,1,0,1,0,1,2,25),(22500092,171,31,20,7,0,1,5,2,37),(22500092,175,23,4,7,2,0,1,3,26),(22500093,121,6,6,0,1,1,1,2,12),(22500093,123,21,7,9,0,1,8,3,39),(22500093,124,11,5,3,2,0,2,6,12),(22500093,125,13,9,1,0,2,2,4,19),(22500093,127,19,2,4,1,1,1,3,24),(22500093,128,9,8,4,1,1,1,3,40),(22500093,129,3,0,1,0,0,0,0,11),(22500093,131,5,0,0,0,0,0,0,5),(22500093,133,4,4,0,0,2,1,6,17),(22500093,134,7,4,2,1,0,1,0,19),(22500093,137,17,3,2,0,3,0,4,38),(22500093,440,10,4,1,0,0,2,5,30),(22500093,444,37,3,1,3,1,0,3,36),(22500093,446,11,6,2,1,1,2,4,39),(22500093,447,11,10,0,3,0,1,2,25),(22500093,448,9,2,1,3,0,3,2,20),(22500093,449,4,5,2,1,0,1,2,28),(22500093,450,10,4,1,0,0,1,1,17),(22500093,452,17,7,7,3,0,3,5,38),(22500093,453,2,4,0,0,0,0,0,3),(22500094,195,14,4,2,2,0,1,4,23),(22500094,197,20,6,4,1,1,1,2,26),(22500094,198,19,9,1,1,1,2,3,22),(22500094,199,8,2,0,1,0,2,2,7),(22500094,200,2,1,1,0,0,1,1,6),(22500094,201,17,10,6,2,0,3,2,26),(22500094,202,10,3,5,3,1,1,2,20),(22500094,203,24,5,4,1,0,1,2,28),(22500094,205,5,3,0,1,0,0,0,7),(22500094,206,10,7,3,1,1,2,3,23),(22500094,207,15,6,2,2,0,2,2,24),(22500094,209,2,1,6,0,0,3,2,20),(22500094,455,9,4,1,0,0,1,2,22),(22500094,458,7,3,6,2,0,2,1,23),(22500094,460,13,8,0,1,0,1,0,19),(22500094,461,19,3,1,1,1,3,4,21),(22500094,462,9,2,8,0,0,3,2,22),(22500094,463,12,2,6,0,0,3,2,21),(22500094,466,7,3,0,0,1,0,3,14),(22500094,467,8,4,1,0,0,3,0,16),(22500094,468,16,2,2,2,0,0,2,22),(22500094,469,2,2,3,0,0,2,0,14),(22500094,470,4,5,0,0,1,2,2,17),(22500094,471,5,2,0,1,0,0,1,16),(22500094,472,3,1,1,1,1,0,0,7),(22500095,473,13,4,1,2,0,2,2,28),(22500095,474,27,10,7,3,0,4,2,36),(22500095,475,0,7,2,1,0,2,5,28),(22500095,476,21,4,5,0,1,3,4,41),(22500095,482,0,0,0,0,0,0,0,3),(22500095,485,15,6,1,1,2,1,6,34),(22500095,487,7,1,1,0,0,0,0,17),(22500095,488,24,10,5,3,0,1,2,45),(22500095,489,9,3,2,0,0,0,0,27),(22500095,491,3,0,0,0,0,0,0,6),(22500095,492,29,11,2,1,9,0,6,32),(22500095,493,13,5,3,1,0,3,5,25),(22500095,494,8,10,1,0,0,0,6,19),(22500095,496,16,6,6,1,1,10,3,33),(22500095,497,14,12,4,0,1,0,1,34),(22500095,500,0,1,0,0,0,0,0,3),(22500095,502,23,5,1,1,0,4,4,39),(22500095,505,7,8,3,1,0,1,0,35),(22500095,506,7,1,5,1,2,0,2,34),(22500096,229,2,2,0,0,1,1,0,7),(22500096,230,8,3,1,1,0,1,0,16),(22500096,231,6,2,5,1,0,2,2,33),(22500096,234,7,3,3,2,0,2,3,26),(22500096,237,17,3,2,0,1,0,2,26),(22500096,240,34,11,4,2,3,5,5,35),(22500096,241,14,9,5,1,3,4,2,25),(22500096,242,9,4,2,3,0,0,3,29),(22500096,243,7,4,4,0,0,0,3,21),(22500096,244,3,3,0,1,0,0,0,3),(22500096,245,10,4,1,0,0,0,4,14),(22500096,421,9,1,2,0,0,0,2,29),(22500096,422,9,1,0,0,0,0,1,11),(22500096,423,8,6,2,2,1,2,1,19),(22500096,424,27,13,4,2,2,5,3,37),(22500096,425,1,2,3,0,0,0,0,8),(22500096,426,0,0,0,0,0,0,0,0),(22500096,427,2,1,0,0,0,0,1,9),(22500096,428,0,0,1,1,0,0,1,6),(22500096,430,7,6,4,2,0,1,4,25),(22500096,434,18,9,1,2,1,8,3,39),(22500096,435,0,0,0,0,0,0,0,0),(22500096,436,8,4,0,1,0,0,0,17),(22500096,437,18,5,6,1,1,5,3,34),(22500097,300,4,2,4,2,0,2,3,19),(22500097,302,10,2,0,3,0,1,2,15),(22500097,303,12,5,11,1,0,4,1,28),(22500097,304,26,5,6,0,0,3,4,29),(22500097,305,22,2,2,1,0,2,4,27),(22500097,306,2,1,0,0,2,1,0,7),(22500097,307,17,4,1,1,0,2,4,25),(22500097,309,0,1,1,0,0,1,0,3),(22500097,310,14,8,2,0,1,0,4,21),(22500097,311,13,1,1,2,1,1,2,26),(22500097,312,0,0,0,0,1,0,0,2),(22500097,313,19,7,2,3,0,1,4,32),(22500097,334,0,1,0,0,0,0,0,7),(22500097,335,16,8,3,2,0,4,3,24),(22500097,336,8,5,0,2,0,2,1,22),(22500097,337,7,2,2,2,0,2,4,24),(22500097,338,7,2,0,1,0,2,1,21),(22500097,339,2,0,3,0,0,1,1,11),(22500097,341,14,3,4,1,0,1,1,26),(22500097,342,3,1,1,1,0,2,2,10),(22500097,344,5,4,1,0,0,1,0,15),(22500097,346,12,3,5,0,0,5,4,20),(22500097,347,35,6,3,1,2,4,1,27),(22500097,348,6,4,1,1,1,1,3,16),(22500097,350,4,2,1,1,0,0,1,10),(22500098,316,2,3,1,0,0,0,0,16),(22500098,318,18,2,10,0,1,4,2,33),(22500098,321,9,4,0,0,0,2,1,24),(22500098,322,10,5,3,1,0,2,1,20),(22500098,325,0,2,1,0,0,0,1,13),(22500098,326,10,6,4,0,0,1,5,25),(22500098,327,33,4,1,0,0,1,1,36),(22500098,328,3,9,2,3,0,6,4,29),(22500098,329,15,4,1,1,0,2,0,22),(22500098,330,4,11,2,1,0,1,1,18),(22500098,404,20,1,3,2,2,1,2,20),(22500098,408,31,2,1,0,1,1,3,37),(22500098,409,5,2,2,0,0,0,0,15),(22500098,410,7,3,6,2,0,1,1,36),(22500098,411,12,12,1,0,0,2,3,36),(22500098,413,17,5,3,2,0,4,1,33),(22500098,414,7,1,4,1,0,2,2,17),(22500098,415,0,2,1,0,1,0,0,11),(22500098,417,4,3,1,3,0,2,2,17),(22500098,529,2,2,1,0,0,0,4,14),(22500099,351,6,1,2,0,0,1,1,20),(22500099,352,30,7,7,0,1,4,2,28),(22500099,353,27,5,5,1,1,2,0,32),(22500099,354,0,3,8,3,0,2,3,19),(22500099,355,2,0,0,1,0,1,0,4),(22500099,356,17,4,2,1,1,0,2,23),(22500099,357,14,2,1,3,0,0,1,21),(22500099,359,6,7,1,0,2,1,2,18),(22500099,360,0,2,0,0,0,1,0,4),(22500099,361,6,1,0,0,0,0,1,4),(22500099,363,10,6,2,2,0,2,3,23),(22500099,365,0,1,0,0,0,0,0,4),(22500099,366,3,1,0,1,0,0,2,8),(22500099,367,8,5,4,0,0,3,2,24),(22500099,385,11,4,1,2,1,2,3,27),(22500099,386,6,5,0,0,0,1,4,16),(22500099,387,18,3,7,0,0,3,2,27),(22500099,388,2,1,0,1,0,1,0,8),(22500099,389,21,3,2,2,0,4,5,26),(22500099,391,12,1,5,1,1,0,2,28),(22500099,392,1,0,0,0,1,0,0,4),(22500099,393,9,6,1,0,0,1,2,20),(22500099,394,13,5,5,1,1,3,1,28),(22500099,396,2,6,0,0,0,0,4,13),(22500099,398,0,0,2,1,0,0,2,8),(22500099,399,7,2,0,3,0,0,0,21),(22500099,401,0,1,0,1,0,3,0,6),(22500100,88,21,8,3,1,0,2,2,32),(22500100,90,0,0,0,0,0,0,0,1),(22500100,92,15,8,2,0,1,4,3,31),(22500100,93,15,1,2,0,0,2,1,26),(22500100,95,11,7,6,1,0,0,3,29),(22500100,96,3,3,0,1,0,2,6,12),(22500100,97,4,2,0,2,0,0,1,9),(22500100,99,16,3,1,1,0,2,1,16),(22500100,100,13,5,8,5,0,3,3,29),(22500100,101,0,4,0,0,1,1,4,21),(22500100,102,12,5,4,2,0,2,2,29),(22500100,211,19,5,1,1,1,5,3,29),(22500100,212,2,1,0,1,0,0,0,5),(22500100,213,0,0,1,1,0,1,3,14),(22500100,214,14,5,3,1,0,4,4,30),(22500100,216,24,10,1,1,2,3,2,35),(22500100,218,3,0,0,0,0,1,1,8),(22500100,219,0,0,1,0,1,0,1,9),(22500100,223,17,7,1,2,0,3,4,34),(22500100,224,8,3,1,0,1,0,1,23),(22500100,225,8,13,1,1,0,2,5,31),(22500100,226,3,9,2,0,0,1,1,17),(22500101,280,30,5,5,1,1,2,2,28),(22500101,281,4,1,0,0,0,0,0,10),(22500101,282,5,2,1,2,0,0,1,27),(22500101,283,7,3,0,0,0,2,2,18),(22500101,284,31,11,1,3,1,3,3,27),(22500101,289,0,2,0,0,0,1,1,4),(22500101,290,0,0,0,0,0,0,1,2),(22500101,291,9,5,2,0,0,1,3,27),(22500101,292,3,3,3,3,1,1,3,25),(22500101,293,0,1,0,0,0,0,0,10),(22500101,294,14,7,7,2,0,0,3,28),(22500101,297,14,10,2,2,0,2,0,29),(22500101,509,2,0,0,0,0,0,1,4),(22500101,511,5,1,1,0,0,2,2,11),(22500101,512,5,0,3,0,0,1,0,20),(22500101,513,8,4,1,1,1,2,2,27),(22500101,514,17,3,2,2,1,2,0,29),(22500101,517,15,4,10,0,0,5,2,30),(22500101,518,1,4,0,1,0,0,0,8),(22500101,519,12,10,1,0,0,2,5,24),(22500101,520,11,12,4,1,1,0,4,34),(22500101,521,11,6,2,0,2,1,4,23),(22500101,523,13,2,1,2,0,1,3,22),(22500101,525,0,0,0,0,0,0,0,2),(22500102,52,28,6,9,0,1,2,3,41),(22500102,53,7,13,2,2,0,0,2,15),(22500102,54,24,3,4,0,0,2,4,30),(22500102,57,19,1,1,2,0,0,3,37),(22500102,58,9,1,0,0,0,2,4,12),(22500102,61,20,2,4,2,0,4,0,20),(22500102,64,2,4,0,0,0,1,1,15),(22500102,65,1,0,1,1,1,0,1,11),(22500102,66,0,4,0,0,2,2,3,14),(22500102,68,15,6,8,3,1,2,4,39),(22500102,176,18,9,7,0,0,1,2,34),(22500102,177,27,10,8,3,1,4,5,33),(22500102,179,10,2,1,0,0,1,0,18),(22500102,180,14,3,1,0,0,3,4,30),(22500102,181,21,2,7,1,0,1,4,30),(22500102,184,14,7,1,1,1,1,3,26),(22500102,186,6,2,0,1,1,0,2,16),(22500102,188,0,0,1,0,0,0,0,4),(22500102,189,4,5,2,0,0,3,4,22),(22500102,190,4,0,1,0,0,2,1,9),(22500102,192,3,5,1,0,0,0,1,13),(22500103,139,26,3,4,0,0,1,0,27),(22500103,140,13,9,2,0,0,3,4,25),(22500103,143,0,0,0,0,0,0,1,2),(22500103,144,6,7,3,0,1,1,0,26),(22500103,147,7,2,6,0,0,2,5,27),(22500103,150,5,0,0,1,0,1,1,7),(22500103,151,3,5,0,0,1,0,1,11),(22500103,152,15,1,1,0,1,0,2,31),(22500103,154,9,5,3,1,0,0,2,24),(22500103,156,2,2,0,0,0,0,0,9),(22500103,157,13,6,6,0,1,2,3,25),(22500103,455,5,3,0,0,0,1,2,27),(22500103,458,10,4,5,1,0,1,1,23),(22500103,460,9,8,1,0,2,0,1,20),(22500103,461,17,2,1,0,0,1,3,25),(22500103,462,16,2,6,0,0,0,3,20),(22500103,463,19,3,8,1,0,0,3,27),(22500103,466,0,0,0,0,0,1,0,1),(22500103,467,0,2,0,0,0,0,0,1),(22500103,468,27,6,4,1,0,0,1,23),(22500103,469,8,6,3,0,0,0,2,15),(22500103,470,8,8,1,0,0,0,3,25),(22500103,471,0,0,0,0,0,0,1,1),(22500103,472,9,5,2,3,2,0,2,24),(22500103,530,4,4,0,0,1,3,2,19),(22500104,246,20,3,3,2,0,1,3,31),(22500104,248,3,2,0,0,0,1,0,2),(22500104,251,7,2,1,1,0,2,3,19),(22500104,252,4,0,0,1,0,1,3,26),(22500104,253,11,3,3,1,1,2,2,21),(22500104,254,3,0,0,0,0,0,1,2),(22500104,255,14,14,15,3,0,5,3,32),(22500104,256,12,7,1,0,0,1,2,12),(22500104,257,0,0,0,1,0,1,0,3),(22500104,258,2,0,1,0,0,0,1,2),(22500104,259,15,4,1,1,0,0,3,24),(22500104,260,2,0,0,0,0,0,0,2),(22500104,261,23,6,5,1,0,2,2,31),(22500104,262,17,2,1,3,0,0,0,25),(22500104,385,7,4,2,0,0,1,4,28),(22500104,386,9,7,2,0,2,0,4,23),(22500104,387,31,3,7,0,0,9,1,36),(22500104,388,4,4,0,0,0,2,4,9),(22500104,389,15,3,2,4,1,1,3,31),(22500104,391,17,4,5,1,0,0,3,33),(22500104,392,6,2,1,0,0,1,4,12),(22500104,393,4,1,1,0,1,2,5,23),(22500104,394,6,2,1,0,0,1,0,14),(22500104,397,3,0,0,0,0,0,0,4),(22500104,398,3,2,0,0,0,0,0,4),(22500104,399,4,5,2,0,0,1,1,14),(22500104,401,2,1,1,2,0,1,0,4),(22500105,18,5,1,0,1,0,0,5,13),(22500105,22,3,4,1,0,0,2,3,18),(22500105,25,4,2,3,0,0,1,1,12),(22500105,26,7,6,3,2,0,0,2,30),(22500105,27,15,6,4,2,0,0,2,37),(22500105,28,6,3,1,2,0,4,4,15),(22500105,29,7,3,2,0,0,0,3,23),(22500105,30,9,1,1,0,0,1,2,15),(22500105,31,41,2,0,0,0,3,0,32),(22500105,32,10,5,2,1,0,0,5,26),(22500105,33,0,1,5,1,0,0,3,14),(22500105,491,0,0,0,0,0,0,1,7),(22500105,492,31,14,4,3,6,2,3,36),(22500105,493,20,6,8,2,0,0,4,29),(22500105,494,19,6,1,1,0,0,1,28),(22500105,496,13,6,3,0,0,5,4,30),(22500105,500,2,0,0,0,0,1,2,4),(22500105,501,0,1,0,0,0,0,2,11),(22500105,502,16,3,1,1,0,2,2,35),(22500105,505,13,6,2,0,0,0,3,31),(22500105,506,4,3,1,0,0,2,1,25),(22500106,2,12,1,0,0,0,2,3,22),(22500106,3,41,6,4,0,0,4,3,35),(22500106,4,10,1,1,3,0,0,1,14),(22500106,5,15,4,3,4,3,1,3,36),(22500106,6,21,10,4,0,0,1,1,33),(22500106,8,0,1,1,0,1,0,2,9),(22500106,11,0,1,0,2,1,0,2,18),(22500106,13,8,4,0,0,0,1,1,23),(22500106,14,2,2,1,0,0,1,4,13),(22500106,15,0,2,0,0,0,0,1,5),(22500106,17,4,6,3,2,3,2,5,26),(22500106,121,24,18,1,0,2,4,4,28),(22500106,123,25,3,8,0,1,6,4,37),(22500106,124,7,1,1,2,1,3,2,19),(22500106,127,21,12,3,2,0,1,4,36),(22500106,128,18,8,4,0,0,1,3,35),(22500106,129,0,0,1,0,0,0,0,5),(22500106,131,0,0,1,1,0,1,2,10),(22500106,133,9,6,1,1,1,0,2,21),(22500106,134,7,3,1,0,0,0,1,16),(22500106,137,8,4,1,1,0,0,2,29),(22500107,105,11,6,5,1,0,3,1,23),(22500107,107,23,8,6,3,2,2,4,34),(22500107,108,17,3,1,0,0,0,3,30),(22500107,109,5,3,1,3,0,2,1,16),(22500107,111,16,4,2,0,0,1,4,26),(22500107,112,5,0,1,0,0,1,3,14),(22500107,113,5,5,1,1,0,1,2,12),(22500107,117,8,11,1,1,0,1,2,26),(22500107,118,4,1,1,0,0,0,3,23),(22500107,120,24,3,4,1,0,5,0,33),(22500107,159,2,0,0,0,1,0,0,7),(22500107,160,13,6,2,1,2,3,4,31),(22500107,161,6,0,2,2,0,1,5,28),(22500107,163,10,8,1,0,0,4,3,22),(22500107,165,8,3,1,3,1,1,5,31),(22500107,166,14,4,8,3,0,2,3,33),(22500107,167,0,0,0,0,0,0,0,7),(22500107,169,0,0,0,0,0,1,1,7),(22500107,170,20,2,2,0,0,3,4,30),(22500107,171,40,14,9,2,2,2,1,33),(22500107,174,0,0,0,1,0,0,0,5),(22500108,35,8,3,2,0,0,1,1,14),(22500108,37,6,5,5,1,0,3,1,28),(22500108,39,14,6,1,3,1,2,4,36),(22500108,41,37,5,7,3,0,3,3,35),(22500108,42,5,1,0,0,0,1,1,9),(22500108,45,20,5,4,0,0,1,3,37),(22500108,46,2,6,0,1,0,1,3,15),(22500108,47,15,18,2,1,2,3,5,35),(22500108,48,0,1,1,0,0,0,1,15),(22500108,51,0,2,1,0,0,0,2,10),(22500108,195,14,4,1,0,0,0,2,18),(22500108,197,6,5,5,0,0,2,1,24),(22500108,198,5,8,0,1,0,1,1,21),(22500108,199,1,0,0,0,0,0,0,4),(22500108,201,17,5,5,0,0,1,2,26),(22500108,202,6,2,0,1,0,1,1,18),(22500108,203,19,13,3,1,0,6,1,38),(22500108,206,9,5,2,0,1,3,1,31),(22500108,207,29,7,3,3,0,1,3,31),(22500108,209,9,1,6,1,0,1,4,23),(22500109,176,22,4,3,1,0,0,0,32),(22500109,177,38,13,13,3,0,4,3,34),(22500109,179,13,0,3,2,1,0,0,20),(22500109,180,20,6,2,1,0,2,2,34),(22500109,181,20,2,3,2,0,3,2,32),(22500109,184,4,5,1,0,0,1,2,22),(22500109,186,12,10,1,0,2,1,1,22),(22500109,187,4,0,1,0,0,0,0,2),(22500109,188,2,2,0,0,0,0,0,2),(22500109,189,0,2,0,1,0,0,2,12),(22500109,192,4,7,1,2,1,0,3,16),(22500109,193,0,1,2,0,0,0,1,6),(22500109,229,6,2,0,0,0,0,2,10),(22500109,230,10,4,2,1,0,4,1,20),(22500109,231,24,6,5,0,0,1,2,29),(22500109,232,0,0,0,0,0,0,1,4),(22500109,234,4,3,5,2,0,1,3,25),(22500109,236,4,3,0,0,0,0,1,5),(22500109,237,16,4,2,0,1,0,4,29),(22500109,238,0,0,0,0,0,0,0,2),(22500109,239,2,0,0,0,0,1,0,1),(22500109,240,6,8,5,0,0,3,6,24),(22500109,241,23,4,5,0,3,2,1,25),(22500109,242,11,3,1,1,0,2,3,20),(22500109,243,0,1,0,1,0,0,1,19),(22500109,244,5,1,0,0,0,0,0,9),(22500109,245,2,1,0,0,0,1,2,9),(22500110,140,9,6,0,1,0,2,0,16),(22500110,144,5,7,4,0,1,2,2,26),(22500110,147,12,2,5,2,3,3,3,27),(22500110,150,12,5,1,1,1,0,4,25),(22500110,151,6,3,2,0,0,2,5,14),(22500110,152,18,8,2,0,0,0,1,35),(22500110,154,6,6,2,0,0,2,3,32),(22500110,155,4,2,0,0,0,1,1,9),(22500110,156,5,0,0,0,0,2,4,15),(22500110,157,33,10,8,3,0,2,4,36),(22500110,263,17,2,3,1,0,1,3,37),(22500110,264,3,4,0,1,0,1,0,9),(22500110,265,11,5,1,1,2,0,4,35),(22500110,267,5,1,0,0,0,0,0,3),(22500110,268,0,0,0,0,0,0,0,0),(22500110,269,5,1,2,2,0,3,2,18),(22500110,271,6,1,4,0,0,2,4,24),(22500110,272,16,10,2,2,0,3,3,23),(22500110,274,6,2,0,1,0,0,4,15),(22500110,276,14,18,1,0,2,1,2,33),(22500110,277,31,4,6,1,0,3,2,38),(22500111,71,10,2,1,1,0,0,1,13),(22500111,72,0,0,0,1,1,0,1,2),(22500111,73,22,6,3,2,0,3,4,31),(22500111,74,33,11,6,1,0,5,4,33),(22500111,75,14,5,5,2,0,1,3,31),(22500111,76,16,4,3,0,0,1,4,27),(22500111,77,0,2,0,0,0,1,1,13),(22500111,80,4,8,4,1,0,1,5,18),(22500111,81,6,0,8,1,0,1,1,16),(22500111,82,5,3,0,1,0,0,2,21),(22500111,83,16,1,3,0,0,0,1,21),(22500111,85,3,1,0,0,0,1,1,6),(22500111,421,17,2,2,1,0,2,1,26),(22500111,422,2,1,0,0,0,0,0,4),(22500111,423,4,7,4,0,3,2,3,21),(22500111,424,25,10,3,3,2,3,2,34),(22500111,425,24,5,6,3,0,2,2,29),(22500111,426,2,2,2,0,0,1,0,2),(22500111,427,0,0,0,0,0,2,1,2),(22500111,430,12,6,3,2,0,2,1,24),(22500111,431,0,0,0,0,0,1,1,2),(22500111,432,4,1,0,2,0,1,5,11),(22500111,434,17,7,5,1,0,2,2,31),(22500111,436,10,4,3,0,1,2,3,20),(22500111,437,22,4,4,0,1,0,5,28),(22500112,300,6,6,3,2,0,1,4,17),(22500112,302,5,0,0,3,0,0,4,15),(22500112,303,21,6,7,0,0,2,2,34),(22500112,304,23,7,5,1,0,5,2,32),(22500112,305,17,2,0,1,1,1,3,29),(22500112,306,2,1,0,0,0,0,1,4),(22500112,307,19,5,1,2,0,6,1,32),(22500112,310,9,10,3,1,1,1,1,23),(22500112,311,0,3,1,1,0,0,0,17),(22500112,313,5,2,4,1,0,0,3,33),(22500112,352,20,6,13,3,0,7,3,37),(22500112,353,30,10,4,2,0,2,2,35),(22500112,354,6,1,2,0,0,0,4,11),(22500112,356,4,2,0,1,1,2,4,22),(22500112,357,9,2,1,0,0,1,4,21),(22500112,358,0,5,1,0,0,5,2,23),(22500112,359,5,3,0,0,3,0,2,12),(22500112,363,16,6,1,2,0,4,2,26),(22500112,366,3,3,1,3,2,0,1,14),(22500112,367,21,8,3,0,2,1,3,34),(22500113,369,9,5,2,2,0,3,3,26),(22500113,370,2,2,0,0,1,2,1,12),(22500113,371,22,15,2,1,1,3,4,35),(22500113,372,3,1,1,1,0,2,1,18),(22500113,376,11,6,5,1,0,2,3,32),(22500113,378,51,11,9,2,0,2,1,39),(22500113,381,18,3,2,2,0,2,3,40),(22500113,382,0,1,0,0,1,0,0,2),(22500113,383,11,3,5,0,0,1,1,30),(22500113,403,0,3,0,1,1,2,4,12),(22500113,404,15,1,2,2,2,1,4,24),(22500113,408,32,4,0,0,0,2,1,39),(22500113,409,0,0,0,0,0,1,0,4),(22500113,410,21,6,3,1,0,1,1,39),(22500113,411,10,14,3,3,0,2,5,30),(22500113,413,18,2,12,1,1,2,2,34),(22500113,414,18,6,6,1,0,2,1,27),(22500113,415,0,2,0,1,0,0,0,3),(22500113,416,0,0,0,1,0,1,2,2),(22500113,417,6,2,1,2,0,1,6,17),(22500113,529,0,0,0,0,0,0,0,1),(22500114,52,43,4,8,1,0,1,1,41),(22500114,53,4,6,1,1,2,0,3,23),(22500114,54,14,5,3,0,0,2,6,25),(22500114,57,25,10,4,1,2,0,1,39),(22500114,58,5,1,1,0,0,0,3,19),(22500114,63,8,0,0,1,0,1,1,10),(22500114,65,7,4,1,0,3,0,2,24),(22500114,66,4,5,0,0,1,0,5,14),(22500114,67,0,0,0,0,0,0,1,1),(22500114,68,26,4,7,1,1,2,4,39),(22500114,211,14,3,2,1,1,3,2,29),(22500114,213,2,3,2,1,0,0,0,10),(22500114,214,24,3,1,0,0,0,6,34),(22500114,215,12,6,6,0,0,4,3,20),(22500114,216,32,7,5,0,3,2,3,38),(22500114,218,0,0,1,0,0,0,0,0),(22500114,223,22,4,4,0,1,0,1,36),(22500114,224,0,2,1,0,0,0,0,14),(22500114,225,10,10,2,1,2,2,3,33),(22500114,226,5,3,2,1,0,2,2,14),(22500114,227,3,2,1,0,0,0,2,6),(22500115,88,18,13,5,1,1,3,0,32),(22500115,92,17,17,9,2,0,3,3,33),(22500115,93,21,3,2,0,0,0,2,26),(22500115,95,15,0,2,0,1,2,4,20),(22500115,96,16,5,3,0,0,1,2,32),(22500115,97,5,0,0,0,1,0,1,9),(22500115,99,0,3,0,0,0,2,3,7),(22500115,100,14,7,9,2,1,2,2,30),(22500115,101,10,0,1,0,0,1,2,24),(22500115,102,12,3,2,0,0,0,1,21),(22500115,510,25,6,3,3,0,1,2,31),(22500115,511,0,2,1,0,0,0,1,5),(22500115,512,7,3,2,0,0,1,1,20),(22500115,513,2,7,2,3,0,1,4,33),(22500115,514,17,3,3,1,0,0,3,30),(22500115,515,27,2,2,0,0,1,1,25),(22500115,516,2,0,0,0,0,1,1,20),(22500115,517,21,3,17,0,0,1,2,33),(22500115,520,18,10,2,1,1,0,2,29),(22500115,521,4,0,0,0,0,0,0,9),(22500116,23,6,2,0,0,0,0,0,5),(22500116,24,0,0,0,0,0,0,0,5),(22500116,25,11,4,2,0,0,0,2,23),(22500116,26,21,6,0,0,0,0,2,22),(22500116,27,18,4,2,0,0,3,3,27),(22500116,28,17,12,2,0,0,0,4,22),(22500116,29,2,2,1,0,0,0,0,15),(22500116,30,9,1,2,1,0,2,1,22),(22500116,31,9,1,2,1,0,2,1,25),(22500116,32,6,3,3,0,0,1,5,23),(22500116,33,6,1,5,1,0,2,2,25),(22500116,34,4,1,3,0,0,2,4,20),(22500116,438,5,0,0,0,0,0,0,7),(22500116,440,12,4,8,1,0,0,3,25),(22500116,442,3,0,1,1,0,0,0,7),(22500116,444,19,6,3,1,0,3,4,24),(22500116,445,4,1,0,1,0,0,3,7),(22500116,446,11,4,0,2,0,0,0,24),(22500116,447,4,8,1,0,1,1,1,16),(22500116,448,15,4,8,1,0,2,1,23),(22500116,449,22,5,5,0,1,0,2,25),(22500116,450,10,0,1,2,0,0,4,30),(22500116,452,21,6,6,1,0,3,0,30),(22500116,453,8,1,0,0,2,0,3,13),(22500116,454,3,0,0,0,0,0,1,3),(22500117,2,25,6,1,1,0,2,3,32),(22500117,3,15,7,4,0,0,3,5,24),(22500117,4,15,9,1,1,1,0,3,28),(22500117,5,11,3,7,0,1,1,2,31),(22500117,6,18,3,8,1,0,1,2,30),(22500117,7,0,0,0,0,0,0,0,1),(22500117,8,0,0,0,0,0,1,1,3),(22500117,9,4,0,1,0,0,0,0,6),(22500117,10,0,0,0,0,0,0,0,1),(22500117,13,9,3,2,1,1,1,1,26),(22500117,14,16,6,1,0,0,1,4,19),(22500117,15,3,6,0,1,0,0,0,13),(22500117,17,6,11,0,0,4,1,3,22),(22500117,473,2,2,2,1,0,4,2,26),(22500117,475,11,2,0,0,0,2,5,22),(22500117,476,22,2,4,1,0,1,3,34),(22500117,479,7,5,0,0,0,0,1,10),(22500117,480,0,0,0,0,0,0,0,3),(22500117,481,2,2,0,0,0,0,0,3),(22500117,482,5,3,2,2,0,1,0,21),(22500117,483,0,0,0,0,0,0,0,3),(22500117,484,11,7,3,0,0,1,2,19),(22500117,485,12,3,0,1,0,1,4,21),(22500117,487,0,2,1,0,0,0,0,15),(22500117,488,7,5,5,0,0,0,2,33),(22500117,489,11,2,0,2,0,3,0,24),(22500118,71,0,0,0,0,0,0,1,7),(22500118,72,2,0,1,0,0,0,0,2),(22500118,73,14,3,5,0,0,0,3,32),(22500118,74,8,3,2,0,1,2,4,29),(22500118,75,15,3,7,3,0,0,2,31),(22500118,76,25,2,2,1,0,2,1,32),(22500118,77,19,3,1,3,1,2,2,23),(22500118,78,3,1,1,0,1,1,3,10),(22500118,80,2,2,1,0,1,4,3,23),(22500118,81,6,2,5,0,0,2,3,16),(22500118,82,4,1,2,1,0,0,0,12),(22500118,83,5,0,2,1,0,2,1,17),(22500118,491,5,0,2,2,0,0,2,10),(22500118,492,24,15,4,1,1,4,1,30),(22500118,493,11,6,6,1,0,1,3,26),(22500118,494,10,5,0,1,0,1,1,24),(22500118,496,22,5,4,2,0,5,1,30),(22500118,500,3,0,0,0,1,2,1,11),(22500118,501,2,1,1,1,0,0,3,14),(22500118,502,15,3,5,2,0,3,3,30),(22500118,503,2,0,0,0,0,0,0,2),(22500118,504,0,0,1,0,0,0,0,2),(22500118,505,9,9,1,0,1,1,0,23),(22500118,506,18,0,5,1,0,3,2,31),(22500118,508,0,0,0,0,0,0,0,2),(22500119,280,23,4,8,1,0,4,0,35),(22500119,281,0,0,0,0,0,0,0,0),(22500119,282,6,5,1,0,0,0,3,31),(22500119,283,4,7,1,1,1,1,2,17),(22500119,284,18,11,2,0,4,3,4,32),(22500119,291,11,3,3,0,0,1,2,26),(22500119,292,4,5,5,1,0,1,2,32),(22500119,293,2,1,0,0,0,0,2,6),(22500119,294,17,7,1,1,0,2,3,27),(22500119,297,16,12,0,1,0,1,5,29),(22500119,421,14,2,0,0,0,0,2,31),(22500119,422,11,1,1,2,0,1,4,20),(22500119,424,26,11,3,0,1,1,4,38),(22500119,425,9,2,10,0,1,2,1,30),(22500119,430,9,4,0,1,0,0,2,23),(22500119,432,0,1,1,0,0,1,2,4),(22500119,434,15,9,3,1,1,1,0,37),(22500119,436,8,4,2,0,1,2,0,22),(22500119,437,2,2,0,2,0,0,0,31),(22500120,316,0,6,0,1,0,0,1,19),(22500120,318,26,5,10,1,0,4,5,42),(22500120,321,11,3,3,4,0,1,3,36),(22500120,322,6,3,2,0,0,2,6,23),(22500120,325,6,1,1,0,0,0,1,13),(22500120,326,3,6,1,0,0,2,2,20),(22500120,327,51,14,3,0,0,1,2,45),(22500120,328,25,11,4,0,4,3,5,35),(22500120,329,3,2,1,0,0,1,1,11),(22500120,330,7,13,2,2,0,4,1,17),(22500120,385,17,13,7,5,0,4,5,46),(22500120,386,7,2,1,0,0,0,3,17),(22500120,387,34,5,10,0,1,2,4,44),(22500120,388,6,10,0,0,3,1,2,15),(22500120,391,23,2,5,1,0,3,5,41),(22500120,393,2,1,1,0,1,1,2,13),(22500120,394,15,3,13,3,1,3,1,31),(22500120,396,25,11,0,2,0,0,3,30),(22500120,397,5,1,0,2,2,0,3,21),(22500120,399,0,0,0,0,0,0,1,3),(22500121,334,4,0,1,0,0,0,0,10),(22500121,335,25,10,4,0,1,3,2,31),(22500121,336,23,4,6,1,0,0,3,31),(22500121,337,4,2,1,1,0,1,2,9),(22500121,338,20,2,1,1,2,2,2,22),(22500121,339,5,2,2,1,0,0,3,18),(22500121,341,20,5,5,0,0,5,0,31),(22500121,342,3,1,0,1,0,0,1,6),(22500121,344,2,4,2,0,2,0,2,13),(22500121,346,7,4,10,1,0,4,6,27),(22500121,347,16,4,3,0,0,1,2,29),(22500121,348,2,1,1,1,0,0,1,6),(22500121,350,0,0,0,0,0,0,0,1),(22500121,455,10,1,2,1,0,1,2,27),(22500121,458,7,2,4,0,1,1,2,26),(22500121,460,14,6,4,3,0,2,1,22),(22500121,461,16,7,0,1,0,0,4,29),(22500121,462,4,3,4,0,0,1,0,16),(22500121,463,23,3,9,1,0,3,0,31),(22500121,466,0,1,0,0,1,0,0,1),(22500121,467,4,0,0,0,0,0,0,1),(22500121,468,9,4,2,0,1,1,3,25),(22500121,469,11,2,3,1,0,2,3,14),(22500121,470,17,6,3,0,0,1,3,24),(22500121,472,3,4,1,1,0,1,2,20),(22500122,300,4,1,3,0,0,1,3,16),(22500122,301,5,4,1,0,0,0,0,11),(22500122,303,24,5,6,1,2,2,3,30),(22500122,304,25,4,4,1,3,3,2,32),(22500122,305,22,3,3,3,1,2,1,28),(22500122,306,1,1,0,0,0,1,0,8),(22500122,307,16,7,2,4,0,5,2,28),(22500122,309,0,1,0,0,0,0,0,1),(22500122,310,16,14,2,1,2,2,2,26),(22500122,311,2,5,0,2,0,0,2,23),(22500122,312,3,0,0,0,0,0,0,1),(22500122,313,4,4,3,0,1,2,2,30),(22500122,315,0,0,0,0,0,0,0,1),(22500122,369,14,8,3,3,0,1,1,28),(22500122,370,16,2,1,2,1,2,1,24),(22500122,371,16,8,2,2,1,3,4,35),(22500122,373,0,3,3,1,1,3,3,19),(22500122,374,0,1,0,0,0,0,0,3),(22500122,376,3,6,5,0,0,1,2,29),(22500122,378,41,4,5,3,0,8,2,39),(22500122,379,2,3,3,0,1,2,2,20),(22500122,381,16,6,1,0,1,3,2,36),(22500122,382,0,1,0,0,0,0,2,3),(22500123,52,39,3,10,1,1,4,3,47),(22500123,53,6,10,0,0,1,0,1,11),(22500123,54,23,7,3,3,2,2,2,38),(22500123,57,17,11,1,1,1,1,2,43),(22500123,58,3,0,0,0,0,0,1,14),(22500123,59,2,4,3,0,0,1,1,18),(22500123,61,25,7,5,0,1,3,4,23),(22500123,63,0,0,0,0,0,0,0,4),(22500123,65,2,5,0,0,5,1,0,17),(22500123,66,8,2,0,1,0,0,2,5),(22500123,68,14,6,4,1,0,2,5,39),(22500123,230,9,0,0,2,0,1,2,13),(22500123,231,14,1,7,1,0,1,4,39),(22500123,233,0,0,0,0,0,0,0,0),(22500123,234,10,5,5,1,1,2,4,37),(22500123,236,0,0,0,0,0,0,0,0),(22500123,237,10,2,2,0,0,1,3,25),(22500123,240,20,9,7,2,1,1,5,40),(22500123,241,31,11,5,2,2,5,4,34),(22500123,242,13,10,3,0,0,2,4,30),(22500123,243,13,5,1,0,0,1,1,24),(22500123,245,14,7,3,2,1,1,3,18),(22500124,176,17,4,1,1,1,2,2,31),(22500124,177,20,8,9,1,0,5,4,28),(22500124,179,8,3,0,1,0,0,0,23),(22500124,180,19,3,4,1,0,1,1,27),(22500124,181,18,5,6,0,0,4,2,26),(22500124,184,10,6,0,3,1,0,2,30),(22500124,186,8,2,0,0,1,1,3,19),(22500124,189,8,3,5,2,0,3,1,26),(22500124,192,3,6,1,0,0,1,1,15),(22500124,193,6,1,0,0,0,0,2,10),(22500124,194,3,1,1,0,0,0,2,2),(22500124,195,10,0,3,1,1,1,2,18),(22500124,197,10,6,2,0,0,0,2,21),(22500124,198,14,9,1,0,0,2,1,26),(22500124,199,17,5,3,1,0,0,0,30),(22500124,200,0,0,1,0,0,0,1,2),(22500124,201,28,4,5,1,0,3,2,28),(22500124,202,5,0,5,2,0,1,1,15),(22500124,203,26,6,2,0,0,1,2,30),(22500124,205,2,0,0,0,0,0,0,2),(22500124,206,21,2,2,3,1,2,1,29),(22500124,209,8,4,9,0,0,1,2,29),(22500125,35,10,1,1,0,0,2,0,17),(22500125,37,3,4,4,2,0,2,0,26),(22500125,39,9,6,5,1,1,2,4,33),(22500125,41,36,4,3,2,0,2,3,34),(22500125,42,5,1,2,0,0,0,3,11),(22500125,45,24,11,6,1,0,0,4,39),(22500125,47,8,12,1,1,1,3,5,35),(22500125,48,16,3,1,1,0,1,1,29),(22500125,50,0,0,0,0,0,0,0,0),(22500125,51,0,3,1,1,0,1,1,12),(22500125,160,5,8,3,0,3,0,0,30),(22500125,161,11,3,3,1,0,1,1,30),(22500125,163,9,2,0,1,1,0,1,16),(22500125,165,8,0,0,0,1,2,2,21),(22500125,166,25,2,4,4,0,2,3,26),(22500125,167,8,2,0,0,0,0,0,14),(22500125,168,5,5,1,0,0,2,3,19),(22500125,170,9,4,0,0,0,1,4,23),(22500125,171,37,8,7,1,2,4,3,33),(22500125,175,4,4,9,0,1,1,4,24),(22500126,280,31,9,4,1,3,1,2,35),(22500126,281,0,0,1,0,0,0,2,2),(22500126,282,13,5,1,1,0,1,3,34),(22500126,283,3,5,4,2,1,1,0,17),(22500126,286,8,2,3,2,1,1,1,23),(22500126,290,2,1,0,0,0,0,1,3),(22500126,291,18,6,6,1,3,3,1,33),(22500126,292,8,1,3,1,0,2,2,26),(22500126,293,2,1,0,0,0,0,1,6),(22500126,294,18,0,1,2,0,4,5,24),(22500126,297,4,14,3,1,2,2,1,30),(22500126,404,9,2,4,1,0,2,2,25),(22500126,408,23,4,3,0,0,4,1,35),(22500126,410,19,1,3,2,0,0,1,33),(22500126,411,10,18,3,1,1,5,4,35),(22500126,413,8,5,3,1,0,2,4,31),(22500126,414,16,9,4,1,0,2,2,30),(22500126,415,0,4,0,1,1,1,0,12),(22500126,416,4,1,1,2,0,1,0,8),(22500126,417,12,2,0,2,1,0,2,26),(22500127,334,0,0,0,0,1,0,1,5),(22500127,335,9,5,1,1,0,2,3,26),(22500127,336,12,5,4,1,1,1,0,26),(22500127,337,5,0,0,1,0,1,1,6),(22500127,338,9,3,2,1,0,2,2,21),(22500127,339,2,3,0,0,0,0,0,10),(22500127,341,21,5,5,0,0,1,0,31),(22500127,342,0,0,0,0,0,1,2,4),(22500127,343,2,4,0,1,0,1,1,20),(22500127,344,12,8,0,1,1,2,1,24),(22500127,346,7,7,4,3,0,0,3,30),(22500127,347,19,2,8,2,0,2,1,25),(22500127,348,0,0,0,0,0,0,0,2),(22500127,350,0,0,0,0,0,0,0,2),(22500127,352,20,4,1,2,0,3,1,31),(22500127,353,18,6,1,1,0,1,0,30),(22500127,354,0,1,2,3,0,1,0,13),(22500127,356,3,2,1,0,0,0,1,23),(22500127,357,5,4,0,0,0,2,2,25),(22500127,358,2,1,0,0,0,0,1,9),(22500127,359,3,2,1,0,0,0,0,19),(22500127,360,4,0,0,0,0,0,0,5),(22500127,361,0,1,2,0,0,0,0,4),(22500127,362,0,0,0,0,0,0,0,2),(22500127,363,5,7,0,1,1,2,0,23),(22500127,365,2,1,0,0,0,1,0,5),(22500127,366,3,6,1,0,0,0,0,19),(22500127,367,14,12,1,0,1,3,0,24),(22500128,2,14,0,2,0,0,1,1,26),(22500128,3,30,5,4,1,1,2,4,31),(22500128,4,11,15,2,3,1,2,4,32),(22500128,5,19,5,4,1,0,2,1,34),(22500128,6,10,3,10,2,0,1,2,31),(22500128,9,0,1,0,0,0,0,0,3),(22500128,10,0,0,0,0,0,0,0,1),(22500128,11,0,0,0,0,0,0,0,3),(22500128,13,21,3,1,0,0,0,2,21),(22500128,14,10,5,2,1,1,0,3,16),(22500128,15,0,3,1,0,0,0,1,10),(22500128,17,10,13,3,3,0,1,1,25),(22500128,105,3,3,5,1,0,2,1,24),(22500128,106,0,0,0,0,0,0,1,2),(22500128,107,19,11,4,1,2,3,1,34),(22500128,109,7,2,4,0,0,1,1,22),(22500128,111,18,6,2,0,0,1,1,30),(22500128,112,19,5,1,3,0,3,6,26),(22500128,113,0,2,2,0,0,0,3,13),(22500128,114,2,0,0,0,0,0,1,8),(22500128,117,16,6,1,1,1,1,1,25),(22500128,118,6,3,0,0,0,0,2,17),(22500128,119,0,0,0,0,0,0,0,2),(22500128,120,15,4,6,0,1,3,4,31),(22500129,121,21,13,2,0,1,5,3,32),(22500129,123,30,6,10,3,3,0,2,35),(22500129,124,10,2,1,3,0,1,4,22),(22500129,125,0,0,1,0,0,0,0,2),(22500129,126,4,1,2,0,0,1,1,15),(22500129,127,12,11,6,1,1,1,4,29),(22500129,128,23,2,3,2,0,3,2,30),(22500129,129,2,0,0,1,0,0,0,2),(22500129,131,0,0,0,0,0,0,0,3),(22500129,133,9,4,1,0,2,1,6,17),(22500129,134,9,2,1,1,0,0,2,17),(22500129,137,15,5,2,0,1,1,4,29),(22500129,211,10,4,1,1,0,2,2,24),(22500129,212,0,0,0,0,1,1,1,6),(22500129,213,3,0,1,0,0,0,1,8),(22500129,214,12,5,2,0,0,1,2,30),(22500129,215,8,2,5,2,1,2,3,20),(22500129,216,24,11,7,1,1,4,3,34),(22500129,218,0,0,1,0,0,1,0,3),(22500129,219,0,1,0,0,0,1,0,3),(22500129,223,22,7,2,0,1,1,2,33),(22500129,224,15,3,0,1,0,0,1,20),(22500129,225,8,2,1,0,0,2,6,15),(22500129,226,10,6,2,0,1,0,4,26),(22500129,227,4,2,0,0,0,1,2,11),(22500130,22,4,1,3,1,0,1,1,16),(22500130,25,13,5,1,0,0,0,0,19),(22500130,26,11,5,6,1,0,2,5,29),(22500130,27,32,9,2,0,1,4,1,32),(22500130,28,2,6,4,1,2,2,1,19),(22500130,29,7,4,0,0,0,1,0,24),(22500130,30,6,2,2,0,0,0,0,21),(22500130,31,19,2,3,1,0,2,4,35),(22500130,32,18,11,1,0,1,1,1,28),(22500130,33,0,2,1,0,0,3,4,12),(22500130,510,23,7,5,1,0,2,4,29),(22500130,511,3,1,5,0,0,1,1,14),(22500130,512,17,1,2,1,1,0,1,28),(22500130,513,7,4,6,3,1,1,2,34),(22500130,514,18,3,3,2,3,1,1,32),(22500130,515,14,6,7,2,1,1,6,24),(22500130,516,8,3,0,1,1,0,2,27),(22500130,517,6,1,1,0,1,1,1,7),(22500130,520,12,14,2,0,0,0,5,28),(22500130,521,9,4,2,1,0,1,3,14),(22500131,71,4,3,0,0,0,0,0,19),(22500131,72,0,1,1,0,0,0,0,7),(22500131,73,29,2,4,1,1,4,4,33),(22500131,74,31,5,2,2,1,0,4,32),(22500131,75,15,3,7,0,0,3,2,30),(22500131,76,10,2,4,2,0,2,3,32),(22500131,77,13,1,2,0,0,0,4,25),(22500131,78,2,2,3,1,0,0,2,16),(22500131,81,6,2,4,0,0,1,3,18),(22500131,82,1,0,0,0,0,0,1,6),(22500131,83,10,1,2,0,0,0,3,16),(22500131,440,18,9,7,2,0,4,3,40),(22500131,444,31,5,1,0,3,2,2,36),(22500131,446,25,5,5,2,1,0,1,37),(22500131,447,12,12,2,1,1,1,3,19),(22500131,448,7,5,1,0,1,0,1,18),(22500131,449,14,5,4,2,0,5,2,22),(22500131,450,10,1,2,0,0,1,3,23),(22500131,452,18,8,9,2,2,2,1,35),(22500131,453,4,3,0,0,0,0,0,6),(22500132,88,20,8,12,0,0,5,1,31),(22500132,92,13,14,7,1,0,0,1,32),(22500132,93,9,2,1,0,0,0,3,21),(22500132,95,18,4,4,0,0,2,2,25),(22500132,96,27,5,2,2,1,3,5,33),(22500132,97,0,0,1,0,0,0,1,2),(22500132,99,10,5,0,0,0,0,1,15),(22500132,100,11,1,5,2,0,3,0,29),(22500132,101,9,4,2,1,1,2,3,28),(22500132,102,9,3,0,0,0,0,3,19),(22500132,404,15,1,1,1,0,1,0,27),(22500132,408,30,3,3,2,0,2,1,36),(22500132,410,19,6,5,0,0,2,2,34),(22500132,411,18,11,6,1,0,2,4,31),(22500132,413,5,2,7,2,0,1,2,27),(22500132,414,12,2,4,3,0,2,4,28),(22500132,415,5,3,0,0,1,0,2,16),(22500132,416,0,2,1,0,1,0,1,12),(22500132,417,8,1,1,1,0,0,1,23),(22500132,529,1,0,0,0,0,0,0,1),(22500133,142,7,2,1,2,1,0,3,12),(22500133,144,20,6,5,3,1,1,3,35),(22500133,147,17,5,5,0,0,1,3,30),(22500133,150,6,8,1,0,0,0,3,12),(22500133,151,6,2,0,0,0,3,4,11),(22500133,152,5,3,1,0,1,1,2,36),(22500133,154,4,8,2,0,0,2,3,24),(22500133,155,8,3,0,1,0,1,3,17),(22500133,156,5,2,2,0,4,0,1,20),(22500133,157,27,13,3,2,0,3,4,36),(22500133,421,10,2,4,0,1,2,3,33),(22500133,422,3,1,0,0,0,1,0,7),(22500133,424,4,4,0,1,0,2,0,6),(22500133,425,14,2,5,1,0,4,1,19),(22500133,426,18,6,0,1,2,1,4,29),(22500133,428,20,7,2,0,1,2,3,22),(22500133,430,3,2,2,0,0,1,3,22),(22500133,432,6,1,1,1,0,0,1,13),(22500133,434,9,11,2,0,2,3,5,28),(22500133,436,5,1,1,0,0,1,0,21),(22500133,437,15,10,4,0,1,2,2,35),(22500134,246,17,6,4,0,1,1,1,27),(22500134,248,6,2,2,0,0,0,1,10),(22500134,249,0,4,0,0,0,0,1,5),(22500134,251,5,5,5,1,3,0,0,22),(22500134,252,11,1,1,0,0,0,3,14),(22500134,253,5,4,2,2,0,1,2,18),(22500134,255,21,12,10,2,0,2,4,27),(22500134,256,10,6,3,0,0,2,1,14),(22500134,257,2,1,0,0,0,2,2,5),(22500134,258,4,1,0,0,0,1,3,6),(22500134,259,7,1,1,0,0,1,2,27),(22500134,260,8,2,3,0,0,1,1,12),(22500134,261,17,2,6,1,0,1,0,25),(22500134,262,9,9,3,0,0,2,2,22),(22500134,473,21,1,6,2,0,1,3,30),(22500134,474,11,0,2,1,1,3,2,26),(22500134,475,5,1,1,0,0,2,3,20),(22500134,476,9,1,2,0,0,1,2,21),(22500134,479,2,5,0,0,0,1,0,12),(22500134,480,2,0,1,0,0,0,0,6),(22500134,481,3,1,1,1,0,0,0,7),(22500134,482,3,2,1,1,0,1,1,13),(22500134,483,2,0,0,0,0,0,0,3),(22500134,484,10,4,0,0,2,0,1,23),(22500134,485,4,8,0,1,0,3,2,14),(22500134,487,2,3,1,0,0,0,0,7),(22500134,488,7,7,0,1,0,1,1,31),(22500134,489,7,3,2,2,0,0,0,19),(22500135,300,10,2,3,2,1,1,3,19),(22500135,301,5,1,4,0,0,0,0,8),(22500135,302,3,0,1,2,0,0,0,4),(22500135,303,27,5,8,2,0,4,4,35),(22500135,304,19,9,5,1,1,6,3,34),(22500135,305,18,3,1,2,0,1,5,24),(22500135,306,2,0,0,0,0,1,2,3),(22500135,307,18,4,0,0,0,1,4,24),(22500135,309,3,3,1,2,0,0,2,13),(22500135,310,5,7,4,1,3,0,4,27),(22500135,312,9,1,2,0,0,0,2,12),(22500135,313,17,4,5,2,0,2,4,31),(22500135,316,5,4,0,0,1,1,1,14),(22500135,318,29,2,8,1,0,6,3,32),(22500135,319,4,1,2,0,0,2,5,11),(22500135,321,7,2,1,1,0,1,0,22),(22500135,322,4,1,2,0,0,1,0,15),(22500135,323,1,3,1,2,0,0,1,11),(22500135,325,8,3,2,0,1,1,2,15),(22500135,326,8,4,3,1,0,0,2,15),(22500135,327,32,5,2,3,3,1,2,37),(22500135,328,18,12,4,1,1,3,4,31),(22500135,329,5,5,1,0,1,0,1,13),(22500135,330,13,4,4,1,0,5,3,16),(22500136,263,14,4,6,1,0,3,5,33),(22500136,264,0,1,1,1,0,0,3,16),(22500136,265,30,7,1,1,0,2,1,40),(22500136,266,8,1,5,1,0,1,4,16),(22500136,269,8,1,2,0,0,2,3,8),(22500136,271,8,4,6,3,2,2,1,28),(22500136,272,5,5,1,0,1,2,1,22),(22500136,276,9,6,2,0,2,3,3,38),(22500136,277,33,5,6,1,0,3,2,35),(22500136,369,3,12,4,1,0,4,4,26),(22500136,370,15,1,1,1,2,0,0,36),(22500136,371,17,10,3,0,1,2,3,35),(22500136,373,0,0,0,0,0,1,0,4),(22500136,375,2,2,3,1,1,1,4,12),(22500136,376,27,8,2,1,1,3,5,37),(22500136,378,28,1,16,2,0,3,1,39),(22500136,379,7,1,1,0,0,1,1,10),(22500136,381,17,5,4,0,0,3,4,37),(22500137,385,18,3,5,0,0,2,2,34),(22500137,386,9,6,3,2,1,3,3,27),(22500137,387,32,4,3,1,1,3,2,36),(22500137,388,0,2,0,1,0,2,2,11),(22500137,391,14,3,4,0,0,5,2,36),(22500137,393,2,4,2,0,0,1,2,12),(22500137,394,14,6,5,2,1,1,0,30),(22500137,396,20,12,1,4,1,2,4,27),(22500137,397,0,0,0,0,0,0,0,8),(22500137,399,4,0,2,1,0,1,3,14),(22500137,455,9,3,1,2,0,0,2,29),(22500137,458,11,2,5,1,0,0,0,18),(22500137,460,14,10,5,3,0,1,1,30),(22500137,461,18,6,3,3,1,3,3,31),(22500137,462,3,0,0,0,0,2,1,10),(22500137,463,28,8,7,2,0,6,1,31),(22500137,468,14,4,1,0,1,3,4,28),(22500137,469,6,2,6,1,0,0,3,18),(22500137,470,6,3,3,0,1,1,2,23),(22500137,472,5,3,0,0,0,1,0,16),(22500138,176,16,5,0,0,1,3,2,32),(22500138,177,17,7,13,2,0,3,4,36),(22500138,179,8,4,1,1,0,2,2,27),(22500138,180,5,3,1,0,0,4,2,26),(22500138,181,19,2,4,0,0,3,5,25),(22500138,184,17,7,0,1,3,3,2,31),(22500138,186,10,6,1,0,2,0,2,20),(22500138,187,0,0,0,0,0,0,0,1),(22500138,189,9,2,0,0,0,2,2,15),(22500138,192,0,2,0,0,0,1,0,7),(22500138,193,6,3,4,1,0,0,1,14),(22500138,211,20,1,2,2,2,3,1,30),(22500138,212,2,3,1,1,3,0,2,15),(22500138,213,5,0,0,1,0,0,0,13),(22500138,214,9,4,7,0,0,4,4,27),(22500138,216,20,9,9,2,0,1,2,32),(22500138,218,0,0,2,0,0,0,0,1),(22500138,219,0,0,0,0,0,0,0,1),(22500138,222,0,0,0,0,0,0,1,1),(22500138,223,21,5,3,1,0,2,1,34),(22500138,224,19,3,1,3,0,2,2,22),(22500138,225,18,8,3,0,1,1,3,26),(22500138,226,6,3,0,0,1,0,1,13),(22500138,227,3,2,1,0,0,0,2,17),(22500139,160,17,7,3,0,1,1,1,29),(22500139,161,13,2,3,4,0,0,2,29),(22500139,163,12,5,2,0,0,2,0,18),(22500139,164,0,1,2,0,0,0,1,4),(22500139,165,10,0,1,0,0,0,1,18),(22500139,166,32,3,8,0,0,1,5,36),(22500139,167,0,3,0,0,0,0,1,13),(22500139,168,10,8,4,1,0,4,2,35),(22500139,170,10,2,0,1,0,1,3,32),(22500139,175,16,3,2,1,1,3,6,21),(22500139,334,0,2,0,0,0,0,1,3),(22500139,335,24,8,4,0,1,5,2,33),(22500139,336,9,5,3,3,0,2,1,25),(22500139,337,7,0,1,2,0,0,0,11),(22500139,338,0,3,0,0,1,0,1,9),(22500139,339,8,1,0,1,0,0,0,16),(22500139,341,23,10,3,1,1,2,2,36),(22500139,342,2,0,0,0,0,0,1,4),(22500139,343,3,2,2,0,2,2,2,20),(22500139,344,0,3,0,0,0,2,2,9),(22500139,346,7,4,6,0,1,1,3,32),(22500139,347,27,6,4,1,0,5,2,34),(22500140,228,16,8,4,1,3,4,0,24),(22500140,229,3,1,1,0,0,0,0,3),(22500140,230,7,5,1,1,0,0,1,15),(22500140,231,19,2,1,0,0,1,2,23),(22500140,232,0,0,0,0,0,0,0,3),(22500140,234,3,4,1,0,0,3,4,21),(22500140,236,0,1,0,0,0,0,0,3),(22500140,237,10,3,2,0,0,1,4,26),(22500140,240,12,7,6,0,1,5,5,30),(22500140,241,14,8,2,1,2,3,2,26),(22500140,242,6,1,2,0,0,2,4,19),(22500140,243,8,6,2,0,0,2,1,19),(22500140,244,2,0,1,0,0,0,0,4),(22500140,245,8,3,2,0,0,1,3,16),(22500140,280,31,3,7,0,1,0,1,29),(22500140,281,0,1,0,0,0,0,0,5),(22500140,282,7,6,1,2,0,0,0,25),(22500140,283,7,9,4,2,1,0,4,22),(22500140,286,0,2,2,3,0,1,0,16),(22500140,287,20,6,1,1,0,0,2,24),(22500140,289,2,0,0,0,2,0,1,5),(22500140,290,3,2,1,0,0,0,0,3),(22500140,291,8,4,3,0,2,2,0,24),(22500140,292,12,5,3,4,2,0,2,27),(22500140,294,20,1,2,2,0,0,3,30),(22500140,297,17,8,5,2,0,3,2,25),(22500141,195,18,3,2,0,0,1,3,27),(22500141,197,0,1,1,0,0,1,2,9),(22500141,198,0,7,3,1,1,1,1,20),(22500141,199,5,3,3,0,0,1,2,26),(22500141,201,6,8,6,0,0,1,1,34),(22500141,202,6,2,5,1,0,2,4,20),(22500141,203,31,10,3,1,1,2,2,37),(22500141,206,24,6,2,2,0,2,2,35),(22500141,209,11,1,4,1,0,3,3,28),(22500141,491,6,2,2,1,0,0,2,11),(22500141,492,27,18,6,1,5,3,3,39),(22500141,493,13,2,4,0,0,2,1,24),(22500141,494,11,3,1,0,0,0,1,23),(22500141,496,21,6,8,4,1,2,4,35),(22500141,501,0,1,0,0,0,0,1,7),(22500141,502,17,9,1,0,1,1,2,37),(22500141,505,2,5,2,2,1,1,1,30),(22500141,506,10,2,2,2,0,2,2,30),(22500142,159,0,0,0,0,0,0,0,0),(22500142,160,9,3,0,2,0,2,5,23),(22500142,161,17,0,2,0,0,1,2,32),(22500142,163,16,6,2,0,0,1,1,23),(22500142,165,3,3,0,0,0,0,2,13),(22500142,166,16,4,8,2,0,3,3,36),(22500142,167,4,3,2,0,1,0,0,14),(22500142,168,22,1,1,0,0,0,2,21),(22500142,170,17,4,2,0,0,0,5,29),(22500142,171,26,11,8,1,1,1,3,32),(22500142,175,3,2,5,0,0,3,3,13),(22500142,403,2,1,0,0,0,0,1,5),(22500142,405,0,3,0,0,1,0,2,15),(22500142,408,31,4,2,1,0,0,2,38),(22500142,410,29,4,3,0,0,2,2,41),(22500142,411,24,13,6,1,0,3,5,36),(22500142,413,24,5,7,2,0,3,1,37),(22500142,414,12,5,10,2,0,1,5,33),(22500142,415,10,1,1,0,0,0,1,11),(22500142,417,3,1,1,2,0,0,1,16),(22500142,419,0,1,0,0,0,0,1,3),(22500143,176,30,8,4,1,0,1,3,36),(22500143,177,18,7,8,1,0,3,2,33),(22500143,179,8,2,0,0,0,0,1,27),(22500143,180,5,8,2,1,0,3,2,30),(22500143,181,9,2,2,0,0,2,1,19),(22500143,184,6,6,0,0,4,1,1,29),(22500143,186,11,9,1,0,0,0,2,18),(22500143,189,16,1,5,1,0,1,3,22),(22500143,192,2,1,1,0,0,1,1,11),(22500143,193,0,1,0,0,0,2,0,9),(22500143,263,18,3,4,1,0,0,2,31),(22500143,264,2,1,0,0,0,0,0,11),(22500143,265,14,4,6,0,0,3,6,31),(22500143,266,4,0,4,2,0,2,1,15),(22500143,269,3,1,1,0,0,0,2,9),(22500143,270,3,0,0,0,0,0,0,0),(22500143,271,10,3,6,1,0,1,4,28),(22500143,272,18,3,1,0,0,1,4,21),(22500143,273,0,0,0,0,0,0,0,1),(22500143,274,6,1,0,1,0,0,1,19),(22500143,276,14,15,5,2,2,1,0,35),(22500143,277,30,7,4,1,0,2,2,32),(22500144,143,0,0,0,0,0,1,0,4),(22500144,144,6,9,5,0,0,4,2,29),(22500144,147,2,0,2,0,1,0,1,16),(22500144,149,5,3,0,2,0,2,2,22),(22500144,150,5,6,0,0,0,0,1,18),(22500144,151,10,8,1,0,1,0,3,20),(22500144,152,31,6,1,0,0,1,2,35),(22500144,153,0,1,0,0,0,0,0,6),(22500144,154,3,3,2,0,0,1,0,12),(22500144,155,25,6,10,3,0,0,3,31),(22500144,156,0,0,0,0,0,0,0,3),(22500144,157,27,5,3,2,1,3,5,38),(22500144,334,0,3,1,0,0,1,3,8),(22500144,335,17,5,2,0,0,0,1,31),(22500144,336,16,4,3,1,1,0,4,35),(22500144,338,3,2,3,0,1,0,2,16),(22500144,339,3,1,4,0,0,2,1,15),(22500144,341,20,6,7,3,2,2,2,34),(22500144,342,5,4,1,0,0,1,3,11),(22500144,343,4,6,1,0,0,1,1,15),(22500144,344,9,3,0,0,0,1,3,12),(22500144,346,8,10,1,0,0,3,5,29),(22500144,347,24,0,2,1,0,5,2,29),(22500145,211,8,2,5,0,1,3,1,24),(22500145,212,8,6,0,0,0,1,1,15),(22500145,213,6,2,1,0,0,0,2,14),(22500145,214,5,0,5,2,0,0,3,19),(22500145,215,6,2,5,5,0,3,1,19),(22500145,216,28,11,4,0,2,3,2,26),(22500145,218,0,1,0,0,0,0,0,5),(22500145,219,3,1,2,0,0,0,0,5),(22500145,223,25,6,6,3,0,1,1,30),(22500145,224,2,2,1,1,0,1,0,21),(22500145,225,16,12,0,0,2,2,5,28),(22500145,226,15,6,0,1,3,0,0,19),(22500145,227,3,2,3,1,2,1,0,6),(22500145,228,10,2,4,1,1,0,3,26),(22500145,229,0,0,0,0,0,1,1,5),(22500145,230,8,2,0,2,0,0,2,15),(22500145,231,13,5,1,2,0,3,2,22),(22500145,232,2,1,0,0,0,0,0,5),(22500145,234,7,4,5,1,0,3,1,21),(22500145,236,2,3,0,0,0,0,0,5),(22500145,237,7,3,0,1,2,2,0,24),(22500145,239,0,1,0,0,0,0,0,4),(22500145,240,17,3,1,0,1,4,5,24),(22500145,241,10,8,2,0,3,2,1,27),(22500145,242,6,3,2,0,1,1,2,20),(22500145,243,2,0,0,0,0,1,2,14),(22500145,244,2,2,1,0,0,0,1,5),(22500145,245,8,3,3,0,1,0,3,14),(22500146,2,3,1,0,0,0,0,3,16),(22500146,3,12,2,5,1,0,5,3,21),(22500146,4,10,6,3,2,0,1,0,19),(22500146,5,5,2,2,1,1,0,0,19),(22500146,6,14,1,4,1,0,1,1,26),(22500146,7,2,3,3,0,0,0,1,9),(22500146,8,4,0,0,1,0,0,4,12),(22500146,9,0,0,0,0,0,0,0,1),(22500146,10,10,4,1,0,0,0,3,18),(22500146,11,7,1,1,0,0,2,3,16),(22500146,13,6,2,2,0,0,1,0,16),(22500146,14,0,4,0,0,1,0,4,15),(22500146,15,17,5,1,2,0,0,1,22),(22500146,16,2,1,1,1,0,0,1,6),(22500146,17,9,4,1,0,0,0,1,15),(22500146,438,2,2,2,0,0,2,0,7),(22500146,440,17,9,8,0,0,3,0,32),(22500146,442,5,0,1,0,1,0,0,7),(22500146,444,26,4,1,2,1,2,2,29),(22500146,445,0,1,0,0,0,1,1,8),(22500146,446,12,6,0,1,4,1,0,26),(22500146,447,4,5,3,0,0,1,1,14),(22500146,448,12,0,3,0,0,0,2,16),(22500146,449,12,6,0,0,1,3,2,20),(22500146,450,12,0,2,1,0,0,1,21),(22500146,452,16,10,9,1,2,4,3,30),(22500146,453,4,10,1,1,1,1,2,18),(22500146,454,6,0,0,0,1,0,0,7),(22500147,121,33,10,2,1,1,0,5,29),(22500147,123,21,6,18,3,0,1,3,37),(22500147,124,2,5,2,2,0,2,3,18),(22500147,126,5,1,2,0,0,1,3,18),(22500147,127,15,7,1,2,0,2,1,28),(22500147,128,11,6,1,0,0,1,3,35),(22500147,129,0,0,0,0,0,0,0,0),(22500147,133,10,4,1,0,2,0,3,25),(22500147,134,7,2,1,2,1,0,0,13),(22500147,137,18,6,1,0,0,0,1,34),(22500147,421,13,6,5,0,0,1,2,33),(22500147,425,31,7,3,0,0,4,3,29),(22500147,426,5,6,1,0,0,2,5,18),(22500147,428,12,0,0,1,0,3,2,16),(22500147,430,7,2,0,1,0,2,1,22),(22500147,432,2,2,1,0,0,0,2,12),(22500147,433,7,4,3,0,0,0,4,17),(22500147,434,6,5,5,0,3,2,2,35),(22500147,436,11,3,1,0,0,0,0,19),(22500147,437,16,8,4,1,0,1,4,33),(22500148,280,30,2,7,1,0,3,1,29),(22500148,281,6,1,0,0,0,0,1,6),(22500148,283,12,3,4,1,1,0,1,22),(22500148,286,8,2,0,1,1,1,1,12),(22500148,287,13,5,1,1,0,0,4,27),(22500148,289,3,1,1,0,1,1,2,6),(22500148,290,11,5,1,0,0,2,1,19),(22500148,291,15,1,1,0,1,0,2,26),(22500148,292,13,0,1,5,0,0,3,26),(22500148,293,2,3,1,1,0,0,1,6),(22500148,294,10,5,8,1,0,2,1,30),(22500148,297,14,14,8,1,1,2,4,25),(22500148,473,16,4,4,0,0,5,2,25),(22500148,474,20,9,6,1,0,4,3,28),(22500148,475,12,1,3,2,0,0,4,24),(22500148,476,11,1,3,1,0,2,0,24),(22500148,480,2,0,2,0,0,0,0,3),(22500148,481,3,1,2,0,0,1,0,6),(22500148,482,3,2,2,1,0,0,2,18),(22500148,483,4,2,0,0,0,0,0,6),(22500148,484,7,6,0,0,2,1,1,21),(22500148,485,4,2,0,0,0,0,0,6),(22500148,487,0,0,0,0,0,0,0,6),(22500148,488,19,5,2,1,0,0,5,32),(22500148,489,2,2,0,0,0,1,2,19),(22500148,490,3,3,2,0,1,2,3,16),(22500149,18,13,5,0,2,0,2,2,20),(22500149,20,2,0,1,1,0,0,0,4),(22500149,22,5,0,2,1,0,1,0,15),(22500149,25,0,2,4,0,1,2,0,27),(22500149,26,17,5,4,3,0,1,4,33),(22500149,27,17,17,2,1,0,3,2,31),(22500149,28,1,2,0,1,0,1,0,9),(22500149,29,0,5,2,0,0,2,1,15),(22500149,30,2,0,0,0,0,1,2,13),(22500149,31,29,1,1,0,0,3,2,34),(22500149,32,19,7,5,1,3,2,2,34),(22500149,52,26,6,7,1,0,1,3,38),(22500149,53,5,8,0,1,1,1,3,23),(22500149,54,22,6,13,1,1,4,1,31),(22500149,55,3,0,1,1,0,0,0,3),(22500149,57,29,3,0,1,1,2,2,33),(22500149,58,2,0,1,1,1,0,1,10),(22500149,59,16,9,7,0,1,2,6,25),(22500149,62,4,2,1,0,0,0,0,4),(22500149,65,2,3,0,1,1,0,4,14),(22500149,66,2,4,0,0,0,1,2,18),(22500149,67,2,1,1,0,0,1,0,4),(22500149,68,16,2,3,3,0,3,3,32),(22500150,176,29,4,6,0,0,0,2,33),(22500150,179,15,5,3,0,0,0,4,28),(22500150,180,24,6,5,1,0,0,2,35),(22500150,181,10,4,12,0,0,6,2,29),(22500150,184,2,4,0,4,4,1,1,22),(22500150,186,17,12,0,0,1,0,3,22),(22500150,187,6,1,0,0,1,1,2,14),(22500150,188,0,1,0,0,0,1,1,3),(22500150,189,13,4,0,0,0,0,4,22),(22500150,191,7,4,4,1,0,4,3,16),(22500150,192,0,0,0,0,0,0,0,2),(22500150,193,3,1,1,0,0,1,1,9),(22500150,316,14,7,1,0,0,0,1,25),(22500150,317,5,0,2,1,0,1,2,11),(22500150,318,25,2,7,1,1,4,2,33),(22500150,319,0,2,0,0,1,1,0,9),(22500150,321,3,2,2,0,1,0,3,29),(22500150,322,4,2,2,0,0,0,3,18),(22500150,325,6,0,1,1,0,1,1,19),(22500150,326,4,1,2,1,0,0,4,15),(22500150,327,29,7,3,0,0,0,0,32),(22500150,329,7,1,0,1,0,0,3,8),(22500150,330,3,9,2,2,0,1,4,21),(22500150,333,3,5,5,0,0,2,1,14),(22500151,105,8,6,3,1,0,4,5,26),(22500151,106,0,1,0,0,2,0,0,5),(22500151,107,14,8,5,3,1,3,1,34),(22500151,109,4,7,3,1,0,2,1,21),(22500151,111,19,7,3,3,0,2,2,30),(22500151,112,18,3,2,0,0,1,5,24),(22500151,113,2,4,4,1,0,1,4,24),(22500151,114,4,0,2,1,0,0,3,11),(22500151,118,11,6,3,0,0,0,2,25),(22500151,120,37,2,5,2,1,3,5,35),(22500151,510,23,13,5,1,0,4,1,34),(22500151,512,15,2,2,1,0,2,3,31),(22500151,513,18,4,3,4,1,2,1,36),(22500151,514,16,3,5,0,1,5,3,34),(22500151,515,15,12,5,0,1,2,4,27),(22500151,516,8,2,5,3,0,2,1,24),(22500151,520,7,5,2,0,0,4,4,25),(22500151,521,4,3,0,0,0,1,1,8),(22500151,523,3,2,1,0,0,0,3,17),(22500152,71,8,4,0,0,0,0,0,19),(22500152,73,26,7,4,0,1,4,3,32),(22500152,74,19,12,8,1,5,2,3,32),(22500152,75,9,4,3,0,0,2,5,31),(22500152,76,27,6,6,0,0,2,2,35),(22500152,77,15,9,5,3,0,3,1,31),(22500152,78,0,2,0,1,0,0,2,11),(22500152,81,9,0,5,0,0,0,3,16),(22500152,82,4,2,0,0,0,1,2,16),(22500152,83,0,3,1,0,1,1,1,10),(22500152,85,0,0,0,0,0,0,1,2),(22500152,455,7,5,2,0,0,0,4,26),(22500152,458,12,0,2,0,0,1,0,27),(22500152,459,14,3,3,2,0,2,1,21),(22500152,460,15,4,2,0,0,0,1,28),(22500152,461,20,9,3,0,0,2,5,32),(22500152,462,0,1,1,0,0,1,1,7),(22500152,467,6,2,0,1,0,0,0,11),(22500152,468,12,5,5,0,0,1,1,29),(22500152,469,4,4,4,2,0,2,1,26),(22500152,470,14,6,2,1,0,2,4,22),(22500152,472,0,2,0,0,0,0,0,6),(22500153,35,15,0,2,0,0,0,2,17),(22500153,36,8,4,3,1,0,0,1,23),(22500153,37,14,9,3,1,0,3,1,26),(22500153,39,21,2,4,2,1,1,1,34),(22500153,41,31,5,3,2,0,2,2,32),(22500153,42,0,0,0,0,0,0,0,0),(22500153,44,0,5,1,0,2,0,1,13),(22500153,45,10,5,9,1,0,4,1,34),(22500153,46,0,1,0,0,0,0,1,1),(22500153,47,20,15,5,0,2,1,1,36),(22500153,48,9,1,1,0,0,0,1,18),(22500153,50,0,0,0,0,0,0,0,0),(22500153,88,23,11,12,2,0,4,2,38),(22500153,89,0,0,2,0,0,0,1,12),(22500153,90,3,0,0,0,0,0,0,1),(22500153,92,17,14,4,0,1,3,3,32),(22500153,95,7,3,2,1,2,1,3,21),(22500153,96,14,8,0,1,0,1,1,31),(22500153,97,0,0,0,0,0,0,0,5),(22500153,99,12,5,0,0,0,0,3,16),(22500153,100,15,2,5,1,0,2,2,33),(22500153,101,14,1,0,0,0,3,3,21),(22500153,102,11,2,3,2,0,0,2,25),(22500153,528,0,0,0,0,0,0,0,0),(22500154,385,11,6,4,2,0,1,4,29),(22500154,386,17,5,1,1,0,1,1,27),(22500154,387,28,2,13,1,0,5,3,34),(22500154,388,10,3,2,0,0,1,2,10),(22500154,391,17,3,3,0,0,2,3,34),(22500154,392,4,0,0,0,0,1,1,4),(22500154,393,4,5,2,0,1,3,2,14),(22500154,394,15,2,4,1,1,2,1,21),(22500154,395,4,0,1,0,0,0,0,4),(22500154,396,7,7,2,1,2,0,3,25),(22500154,398,2,2,0,0,0,0,1,4),(22500154,399,0,1,0,0,0,2,3,9),(22500154,401,11,3,2,2,0,2,2,20),(22500154,491,3,3,4,2,0,0,1,18),(22500154,492,9,9,2,1,4,6,4,34),(22500154,493,12,1,0,0,0,1,0,11),(22500154,494,19,3,2,0,0,2,0,24),(22500154,496,26,7,5,2,1,2,5,34),(22500154,500,10,1,0,2,0,0,1,9),(22500154,501,0,1,1,0,0,0,1,5),(22500154,502,4,3,2,0,0,1,2,31),(22500154,503,2,2,2,0,0,0,0,4),(22500154,504,9,1,0,1,0,0,1,4),(22500154,505,9,4,1,2,0,1,3,28),(22500154,506,13,4,2,1,0,1,1,27),(22500154,508,2,2,0,0,0,0,2,4),(22500155,195,9,4,0,0,0,1,3,18),(22500155,197,9,3,2,0,0,1,3,27),(22500155,198,7,4,0,0,1,1,0,11),(22500155,199,17,5,6,0,0,1,4,26),(22500155,201,31,8,4,0,0,4,3,34),(22500155,202,7,1,3,2,0,2,1,16),(22500155,203,17,8,5,3,1,0,1,36),(22500155,206,15,9,1,1,1,4,3,36),(22500155,209,8,0,8,1,0,1,2,31),(22500155,369,4,4,0,1,0,0,3,9),(22500155,370,3,0,0,0,0,0,2,11),(22500155,373,2,0,2,3,0,0,3,18),(22500155,375,15,5,1,1,1,1,3,32),(22500155,376,25,8,3,4,0,1,4,34),(22500155,378,26,4,11,0,0,3,3,37),(22500155,381,15,6,2,0,0,1,3,30),(22500155,383,11,3,4,2,1,0,4,26),(22500155,384,29,11,10,3,0,5,1,38),(22500156,18,14,2,0,0,1,0,4,22),(22500156,19,0,1,2,0,0,0,0,3),(22500156,22,2,2,4,2,1,2,2,21),(22500156,23,0,3,0,0,0,0,0,3),(22500156,25,12,3,2,0,0,0,2,22),(22500156,26,7,4,5,1,0,1,5,27),(22500156,28,3,7,0,2,1,3,2,19),(22500156,29,15,6,1,2,0,2,2,31),(22500156,30,7,1,1,0,0,0,3,15),(22500156,31,25,2,3,2,0,1,3,34),(22500156,32,19,8,7,0,1,2,1,29),(22500156,33,5,1,0,0,0,1,0,3),(22500156,34,0,0,0,0,0,0,0,3),(22500156,263,25,9,5,0,1,0,4,30),(22500156,264,3,1,1,0,0,0,1,13),(22500156,265,22,3,3,2,1,2,5,29),(22500156,266,7,3,1,0,0,3,1,20),(22500156,269,0,1,1,1,0,0,0,5),(22500156,271,9,3,7,0,0,2,2,24),(22500156,272,21,3,2,1,1,1,2,24),(22500156,273,0,1,0,0,0,0,1,2),(22500156,274,2,5,2,0,0,1,2,20),(22500156,276,15,12,1,0,1,3,4,33),(22500156,277,19,11,10,2,0,4,3,33),(22500156,278,2,1,0,0,0,0,1,2),(22500157,142,0,0,0,0,0,0,1,2),(22500157,143,3,1,1,0,0,0,1,10),(22500157,144,18,8,5,0,0,2,3,38),(22500157,147,3,1,0,0,0,1,0,7),(22500157,149,3,3,0,0,0,1,2,12),(22500157,150,4,3,0,0,0,1,2,7),(22500157,151,21,10,1,2,1,1,3,29),(22500157,152,17,7,1,1,0,1,3,33),(22500157,153,2,1,0,0,0,0,0,6),(22500157,154,5,1,2,1,0,0,2,20),(22500157,155,7,2,4,0,0,1,3,19),(22500157,156,0,3,2,1,2,0,1,13),(22500157,157,32,5,8,3,1,3,3,37),(22500157,159,1,1,0,0,0,0,1,5),(22500157,160,9,7,1,0,5,2,3,32),(22500157,161,11,2,2,1,0,0,4,33),(22500157,163,8,2,1,0,0,2,3,15),(22500157,165,6,3,0,1,0,0,3,20),(22500157,166,10,5,7,1,0,7,1,28),(22500157,167,0,0,1,0,0,0,1,3),(22500157,168,15,5,0,0,0,0,1,16),(22500157,170,13,1,3,0,0,1,4,29),(22500157,171,33,13,5,2,0,3,4,31),(22500157,175,11,4,4,1,0,3,3,22),(22500158,2,15,1,2,0,0,0,1,26),(22500158,3,36,2,4,2,0,3,3,37),(22500158,4,2,6,2,0,1,0,4,15),(22500158,5,10,5,6,3,2,2,1,32),(22500158,6,18,5,3,0,0,1,3,34),(22500158,8,5,1,0,1,0,0,3,7),(22500158,9,0,2,1,1,0,0,0,6),(22500158,11,2,1,0,0,0,0,1,7),(22500158,13,4,2,1,2,1,1,0,28),(22500158,14,2,2,1,1,0,0,3,10),(22500158,15,0,1,0,0,0,1,1,7),(22500158,17,9,8,1,2,0,2,2,26),(22500158,316,2,3,1,0,0,1,0,13),(22500158,318,31,5,4,1,0,1,2,37),(22500158,321,9,6,1,0,0,0,0,29),(22500158,322,7,3,6,2,0,0,0,15),(22500158,323,3,1,2,1,0,3,5,20),(22500158,325,4,2,0,0,0,2,3,18),(22500158,326,13,8,0,0,1,2,4,19),(22500158,327,20,9,2,0,0,4,2,36),(22500158,330,11,11,4,0,1,3,4,31),(22500158,333,5,7,3,0,0,2,1,16),(22500159,35,15,1,2,0,0,1,0,21),(22500159,36,3,3,3,1,0,0,2,14),(22500159,37,12,10,5,0,0,1,2,26),(22500159,39,16,6,2,5,0,2,1,32),(22500159,41,16,1,9,1,0,2,1,32),(22500159,42,2,0,0,0,0,0,0,3),(22500159,45,10,2,4,3,3,0,1,29),(22500159,46,1,3,0,0,0,1,3,13),(22500159,47,33,13,5,2,0,3,4,30),(22500159,48,11,5,0,0,1,1,0,24),(22500159,50,0,0,1,0,0,1,2,4),(22500159,51,0,4,1,0,0,0,0,3),(22500159,228,15,7,2,2,0,4,5,27),(22500159,229,4,0,2,1,1,0,2,4),(22500159,230,2,1,0,0,0,2,0,11),(22500159,231,5,1,2,0,0,0,0,21),(22500159,232,0,0,0,0,0,0,0,4),(22500159,234,0,4,7,0,0,5,4,25),(22500159,235,5,1,0,0,0,0,0,4),(22500159,236,4,1,1,0,0,0,3,17),(22500159,237,10,4,1,0,1,1,0,21),(22500159,239,2,3,0,0,0,0,0,3),(22500159,240,15,5,2,3,1,4,1,30),(22500159,241,19,8,7,1,2,2,1,29),(22500159,243,15,0,4,0,0,1,2,14),(22500159,244,0,2,2,0,0,1,0,10),(22500159,245,6,7,0,0,0,0,3,14),(22500159,528,0,1,0,0,0,0,0,3),(22500160,421,17,4,6,0,0,1,2,32),(22500160,422,0,1,1,1,0,0,0,7),(22500160,425,10,4,12,0,0,2,2,28),(22500160,426,0,0,0,0,0,0,4,9),(22500160,428,2,2,0,3,0,2,2,8),(22500160,430,9,2,2,2,0,0,3,21),(22500160,432,0,1,0,0,0,0,0,4),(22500160,433,14,4,1,2,3,0,1,24),(22500160,434,29,12,3,2,1,2,3,35),(22500160,435,4,2,0,1,1,2,4,13),(22500160,436,5,3,3,0,1,2,1,18),(22500160,437,12,5,2,1,0,4,3,33),(22500160,438,6,1,1,0,0,2,2,9),(22500160,440,27,5,4,1,1,3,2,39),(22500160,444,21,6,5,1,1,3,2,38),(22500160,445,0,2,0,0,0,0,0,8),(22500160,447,4,9,1,2,2,1,3,23),(22500160,448,5,5,3,0,0,2,1,16),(22500160,449,15,4,2,2,1,1,0,29),(22500160,450,2,3,1,2,0,1,1,24),(22500160,452,26,11,6,1,0,3,5,39),(22500160,453,4,8,0,0,2,1,1,10),(22500161,121,14,9,3,1,1,2,2,34),(22500161,123,33,5,8,0,1,3,5,38),(22500161,124,14,2,3,0,0,1,3,19),(22500161,125,0,1,0,2,0,0,1,4),(22500161,126,4,1,2,2,0,2,1,20),(22500161,127,9,4,1,4,2,2,3,26),(22500161,133,26,14,4,0,4,1,1,33),(22500161,134,3,3,1,2,1,0,3,21),(22500161,137,11,4,1,0,0,1,2,39),(22500161,455,4,6,3,0,0,0,1,21),(22500161,458,2,4,1,1,1,1,0,25),(22500161,459,4,2,2,1,1,1,2,14),(22500161,460,11,5,1,0,0,3,1,22),(22500161,461,21,4,1,0,2,1,5,31),(22500161,463,18,5,10,1,0,5,2,34),(22500161,468,17,6,2,0,0,3,5,30),(22500161,469,13,2,3,0,0,3,0,14),(22500161,470,13,5,1,4,0,2,3,29),(22500161,527,3,10,1,1,1,1,3,15),(22500162,246,21,4,3,0,0,0,3,31),(22500162,248,4,0,0,0,0,1,0,7),(22500162,251,0,1,1,1,0,0,1,16),(22500162,252,5,2,2,1,0,0,1,22),(22500162,253,13,6,3,0,0,1,2,22),(22500162,255,34,7,14,4,2,1,3,36),(22500162,256,8,3,0,1,2,0,4,11),(22500162,259,10,3,2,1,0,1,2,29),(22500162,261,15,7,7,0,1,2,0,32),(22500162,262,20,7,1,1,0,1,2,30),(22500162,405,8,1,3,0,1,0,5,18),(22500162,408,15,5,4,0,0,3,6,36),(22500162,410,19,3,0,1,0,0,2,35),(22500162,411,13,17,5,1,0,2,3,36),(22500162,413,18,4,9,1,0,2,1,34),(22500162,414,26,12,6,2,0,6,2,37),(22500162,415,10,2,0,0,0,2,3,11),(22500162,416,0,0,0,0,0,0,0,3),(22500162,417,15,3,0,0,0,0,2,25),(22500163,301,0,3,1,0,0,1,0,6),(22500163,303,8,3,6,1,0,2,3,35),(22500163,304,33,6,2,1,1,5,2,36),(22500163,305,18,3,4,2,0,4,2,30),(22500163,307,23,7,2,3,0,2,2,27),(22500163,310,2,4,0,0,1,0,2,17),(22500163,311,6,0,2,1,1,1,0,22),(22500163,313,14,7,2,2,0,3,3,34),(22500163,314,6,3,2,1,0,0,2,14),(22500163,315,5,2,2,2,0,0,2,13),(22500163,369,4,4,2,1,1,2,0,21),(22500163,370,8,4,1,0,0,1,4,23),(22500163,371,29,10,2,0,3,3,5,30),(22500163,373,5,1,6,1,0,0,1,19),(22500163,375,4,3,0,0,0,0,2,12),(22500163,376,11,5,6,3,0,1,3,36),(22500163,379,25,1,6,1,0,3,0,26),(22500163,381,28,4,1,1,1,2,2,37),(22500163,383,9,2,5,4,0,5,5,31),(22500164,195,11,1,0,1,0,3,1,16),(22500164,197,7,4,4,0,0,1,2,17),(22500164,198,16,5,0,0,2,1,1,17),(22500164,199,7,1,3,3,0,1,1,23),(22500164,201,6,6,5,1,0,0,1,25),(22500164,202,2,1,4,0,0,1,1,13),(22500164,203,25,10,4,2,0,2,1,30),(22500164,206,17,2,2,1,1,2,3,31),(22500164,207,21,2,2,1,0,5,2,28),(22500164,209,8,5,9,3,0,0,2,34),(22500164,351,12,1,2,1,0,3,3,20),(22500164,352,29,7,8,1,0,7,4,38),(22500164,353,27,4,4,4,2,2,1,37),(22500164,354,3,4,4,1,0,2,2,13),(22500164,356,12,3,0,1,1,1,2,27),(22500164,357,10,3,4,3,0,1,3,23),(22500164,359,5,1,0,1,0,0,1,14),(22500164,363,12,3,0,0,0,1,3,25),(22500164,366,0,0,0,0,0,0,0,6),(22500164,367,9,18,3,1,1,3,5,33),(22500165,71,14,1,0,0,0,0,1,21),(22500165,72,0,2,2,0,0,0,2,6),(22500165,73,13,8,4,0,2,2,3,30),(22500165,74,23,3,6,4,2,1,2,27),(22500165,75,15,6,7,1,0,1,1,26),(22500165,76,23,8,4,1,2,1,1,31),(22500165,77,2,1,0,0,0,1,3,14),(22500165,78,8,3,0,0,0,1,2,11),(22500165,80,8,9,0,0,0,0,2,20),(22500165,81,5,2,8,2,0,1,3,17),(22500165,82,0,0,0,0,0,0,0,4),(22500165,83,15,7,1,0,0,1,2,23),(22500165,85,2,0,1,0,0,0,1,4),(22500165,159,0,3,0,0,0,1,1,6),(22500165,160,10,8,3,2,1,1,1,22),(22500165,161,6,2,4,0,0,1,2,21),(22500165,163,2,9,2,0,0,1,1,20),(22500165,164,2,1,0,1,0,0,1,7),(22500165,165,0,0,1,0,0,1,4,20),(22500165,166,11,0,5,0,0,2,3,28),(22500165,167,0,1,1,0,0,0,1,10),(22500165,168,18,3,0,0,1,4,1,26),(22500165,169,8,0,0,0,0,0,1,4),(22500165,170,9,1,1,0,0,0,4,16),(22500165,171,22,8,3,0,1,1,3,23),(22500165,174,0,1,2,1,0,0,0,5),(22500165,175,12,4,4,1,1,0,3,24),(22500166,211,7,4,3,1,1,1,2,26),(22500166,212,2,3,0,0,0,0,0,8),(22500166,213,0,0,1,1,0,0,0,7),(22500166,214,9,3,2,1,0,3,4,22),(22500166,215,12,2,4,3,0,2,5,20),(22500166,216,22,11,8,1,0,3,4,36),(22500166,218,0,0,1,0,0,1,0,7),(22500166,219,3,0,0,0,0,0,2,5),(22500166,223,18,5,2,0,0,4,3,34),(22500166,224,20,4,2,2,0,3,2,25),(22500166,225,11,5,1,0,0,0,5,29),(22500166,226,4,2,2,0,0,0,3,12),(22500166,227,4,2,0,0,0,0,0,2),(22500166,510,17,6,5,1,0,3,4,32),(22500166,511,4,3,2,0,1,1,0,10),(22500166,512,6,1,0,3,0,3,1,19),(22500166,513,18,6,6,2,0,3,1,35),(22500166,514,20,1,2,0,1,7,4,31),(22500166,515,15,2,3,3,0,0,4,26),(22500166,516,21,4,1,1,0,0,2,25),(22500166,519,0,0,0,0,0,0,1,1),(22500166,520,14,7,3,1,1,1,4,26),(22500166,521,5,3,0,0,3,0,2,18),(22500166,523,7,1,1,0,0,0,1,10),(22500166,525,0,0,0,0,0,0,0,0),(22500167,52,39,5,5,1,3,4,2,39),(22500167,54,10,3,4,4,1,4,2,29),(22500167,57,18,3,2,2,2,1,4,32),(22500167,59,8,4,2,0,0,2,4,18),(22500167,60,0,1,2,0,0,0,2,15),(22500167,61,20,6,2,3,4,3,2,25),(22500167,65,2,4,0,0,1,0,1,22),(22500167,66,2,3,1,0,0,0,1,18),(22500167,68,12,11,4,2,0,2,3,37),(22500167,88,29,15,12,1,0,5,3,37),(22500167,90,2,1,2,0,2,0,4,13),(22500167,92,19,10,0,1,1,1,1,31),(22500167,95,12,5,2,1,2,4,1,24),(22500167,96,10,5,1,1,2,2,3,30),(22500167,97,0,0,0,1,0,0,1,5),(22500167,99,14,4,0,0,0,4,2,16),(22500167,100,8,4,2,3,0,1,0,26),(22500167,101,16,2,5,2,1,1,3,32),(22500167,102,3,2,2,1,1,0,1,20),(22500168,176,22,8,3,1,0,1,2,37),(22500168,179,6,5,2,1,1,2,3,31),(22500168,180,20,12,2,0,0,2,3,32),(22500168,181,17,0,5,1,0,5,2,29),(22500168,184,10,11,2,1,4,2,4,30),(22500168,186,6,5,2,2,1,1,3,17),(22500168,187,3,1,1,0,0,0,0,10),(22500168,189,18,2,2,2,0,4,2,24),(22500168,191,8,3,0,0,0,1,2,13),(22500168,193,2,2,1,0,0,1,2,12),(22500168,473,11,3,0,1,0,0,1,17),(22500168,475,11,5,1,1,0,2,3,35),(22500168,476,11,2,6,0,0,3,4,27),(22500168,482,18,3,6,2,0,1,1,30),(22500168,483,13,6,2,0,1,1,2,15),(22500168,485,12,8,7,4,0,3,3,17),(22500168,487,2,1,0,0,0,0,1,17),(22500168,488,21,3,3,1,1,1,0,37),(22500168,489,17,4,0,0,0,0,3,26),(22500168,490,0,4,2,0,1,1,2,14),(22500169,335,9,5,2,1,0,4,2,24),(22500169,336,13,2,4,1,0,1,3,24),(22500169,338,24,5,2,1,0,1,2,33),(22500169,339,12,2,2,1,0,1,2,19),(22500169,341,2,4,2,0,0,1,0,14),(22500169,342,0,0,0,0,0,0,0,2),(22500169,344,14,7,3,1,2,1,2,27),(22500169,346,2,5,8,1,1,4,1,32),(22500169,347,28,4,3,1,1,2,3,33),(22500169,348,7,2,3,0,0,0,2,15),(22500169,350,7,3,4,2,0,0,1,11),(22500169,385,8,6,3,1,0,3,2,27),(22500169,386,10,2,1,3,2,1,2,31),(22500169,387,38,3,4,1,0,5,1,39),(22500169,388,2,0,1,0,0,0,0,3),(22500169,391,16,4,5,3,0,1,4,35),(22500169,393,2,5,1,0,2,1,3,20),(22500169,394,8,5,4,1,0,2,0,21),(22500169,396,16,16,4,1,0,2,1,27),(22500169,397,2,2,1,0,0,1,0,6),(22500169,399,0,0,0,0,0,0,0,2),(22500169,401,5,3,1,0,1,1,4,23),(22500170,280,30,4,12,0,3,2,2,29),(22500170,281,2,2,0,0,0,0,0,3),(22500170,282,6,3,0,0,0,0,4,14),(22500170,283,3,5,0,0,0,0,1,13),(22500170,284,11,5,3,1,3,3,4,30),(22500170,286,8,1,3,2,0,0,2,23),(22500170,287,22,3,0,0,0,1,2,21),(22500170,289,0,0,1,0,0,0,0,5),(22500170,290,2,1,0,0,0,0,1,3),(22500170,291,12,2,2,0,0,0,2,25),(22500170,292,12,3,1,1,0,1,1,24),(22500170,294,8,4,3,4,0,2,2,19),(22500170,297,10,7,3,4,0,1,2,23),(22500170,352,25,6,6,1,0,2,2,30),(22500170,354,0,1,3,0,0,1,2,11),(22500170,356,16,4,2,1,1,1,2,28),(22500170,357,6,5,3,2,1,3,2,30),(22500170,358,11,6,4,2,0,1,1,29),(22500170,359,12,2,0,0,0,2,2,15),(22500170,360,5,2,0,0,0,0,0,6),(22500170,361,5,2,0,0,0,1,1,6),(22500170,362,0,1,0,0,0,0,0,6),(22500170,363,17,4,1,1,0,5,3,24),(22500170,365,0,1,2,0,0,0,0,6),(22500170,366,3,1,3,0,0,1,3,17),(22500170,367,7,7,2,2,0,2,2,25),(22500171,52,27,7,9,1,0,5,2,36),(22500171,53,13,13,1,1,2,1,2,28),(22500171,54,27,3,3,0,0,4,4,31),(22500171,57,19,3,2,2,0,1,4,37),(22500171,58,8,3,1,0,0,0,5,16),(22500171,59,16,3,6,2,0,2,3,23),(22500171,62,0,0,0,0,0,0,0,1),(22500171,65,4,4,0,2,0,3,2,18),(22500171,66,0,3,0,1,0,0,0,8),(22500171,67,0,0,0,0,0,1,0,1),(22500171,68,7,4,4,0,0,1,1,37),(22500171,105,0,1,8,1,1,1,3,22),(22500171,106,0,0,0,0,0,1,0,1),(22500171,107,23,5,3,1,2,4,1,34),(22500171,108,14,0,0,0,0,1,4,26),(22500171,109,0,2,4,0,0,1,1,18),(22500171,110,8,2,4,0,0,3,3,26),(22500171,112,10,5,3,2,1,0,3,28),(22500171,113,7,5,1,1,0,1,5,15),(22500171,114,0,0,0,0,0,0,0,1),(22500171,116,0,0,0,0,0,0,0,1),(22500171,117,24,10,1,3,3,0,2,29),(22500171,118,0,0,1,0,0,0,0,0),(22500171,120,46,4,8,1,0,2,0,35),(22500172,121,22,22,3,0,1,1,2,34),(22500172,123,31,3,10,1,0,3,4,36),(22500172,124,9,6,4,2,1,0,2,27),(22500172,125,2,0,0,0,0,1,3,7),(22500172,126,10,2,1,1,0,3,2,19),(22500172,127,18,7,4,1,1,2,3,31),(22500172,133,10,6,1,0,3,1,1,31),(22500172,134,3,4,1,0,0,0,3,22),(22500172,137,9,2,0,0,0,2,3,28),(22500172,316,0,7,0,0,0,1,0,17),(22500172,318,19,2,6,0,0,2,0,34),(22500172,321,28,2,2,1,0,1,1,36),(22500172,322,6,0,6,0,0,4,3,15),(22500172,323,3,1,0,0,0,0,1,10),(22500172,325,9,4,1,0,0,1,5,19),(22500172,326,4,4,2,0,1,2,0,20),(22500172,327,25,4,0,2,0,2,2,39),(22500172,329,0,0,0,0,0,0,0,0),(22500172,330,6,17,4,4,1,2,3,32),(22500172,333,3,3,3,0,0,0,2,13),(22500173,18,3,3,2,0,2,2,2,24),(22500173,22,0,3,2,2,1,0,0,13),(22500173,25,16,5,2,1,0,1,0,27),(22500173,26,15,1,6,2,0,1,3,35),(22500173,27,32,11,3,1,0,5,4,35),(22500173,28,5,7,3,0,0,0,0,14),(22500173,29,17,4,1,0,0,3,3,29),(22500173,30,6,1,0,0,0,0,2,20),(22500173,31,0,0,1,0,0,0,0,5),(22500173,32,18,10,6,3,2,0,3,33),(22500173,143,3,3,4,0,1,1,0,16),(22500173,144,6,6,6,0,1,1,2,32),(22500173,147,0,0,0,0,0,0,0,5),(22500173,148,2,4,0,1,0,0,1,7),(22500173,150,4,2,1,0,0,0,1,13),(22500173,151,8,7,1,1,0,2,4,20),(22500173,152,15,7,2,1,0,3,2,32),(22500173,153,8,15,2,1,0,0,1,23),(22500173,154,18,4,3,1,1,1,3,34),(22500173,156,16,2,0,0,2,1,4,17),(22500173,157,23,6,10,1,0,7,5,36),(22500174,2,18,0,2,1,0,1,4,29),(22500174,3,35,5,5,1,0,1,2,25),(22500174,4,21,5,0,3,0,1,3,33),(22500174,5,12,3,8,3,2,0,0,28),(22500174,6,18,2,5,0,0,2,2,23),(22500174,10,7,7,1,2,0,0,4,23),(22500174,11,5,2,1,0,0,0,1,16),(22500174,13,3,2,3,0,0,0,1,22),(22500174,14,2,2,1,1,0,0,2,7),(22500174,15,0,0,0,0,0,0,1,3),(22500174,17,15,12,5,1,1,0,4,24),(22500174,228,1,2,3,0,0,2,2,16),(22500174,229,5,1,1,0,0,0,0,6),(22500174,230,2,0,0,1,1,1,0,7),(22500174,231,3,1,4,0,0,0,3,17),(22500174,232,1,2,1,0,0,0,0,6),(22500174,234,3,5,6,0,0,3,1,30),(22500174,235,10,3,0,0,0,0,0,16),(22500174,236,12,6,0,1,0,1,2,19),(22500174,237,7,1,1,0,0,3,3,24),(22500174,240,9,2,3,0,0,3,5,28),(22500174,241,31,8,2,0,3,2,0,29),(22500174,243,8,2,1,0,0,1,0,12),(22500174,244,4,2,1,0,0,1,0,12),(22500174,245,11,5,2,0,1,2,2,12),(22500175,35,7,0,0,1,0,1,2,15),(22500175,36,14,3,4,1,0,0,1,21),(22500175,37,18,5,4,0,0,1,1,27),(22500175,39,25,8,1,2,1,1,1,31),(22500175,41,23,7,10,1,0,4,4,32),(22500175,42,0,1,2,0,0,1,0,3),(22500175,44,8,10,1,1,3,1,1,16),(22500175,45,13,1,5,1,2,1,3,33),(22500175,46,5,1,0,0,0,0,2,8),(22500175,47,15,10,4,0,2,4,5,31),(22500175,48,3,1,0,0,0,0,0,11),(22500175,50,2,1,0,0,0,0,0,2),(22500175,51,4,1,0,0,0,0,0,2),(22500175,263,21,3,4,1,0,2,1,36),(22500175,265,13,4,3,0,0,3,4,31),(22500175,266,6,0,4,1,0,1,1,11),(22500175,267,15,2,5,2,0,3,0,28),(22500175,268,0,0,1,0,0,0,0,3),(22500175,269,0,0,2,0,0,0,0,3),(22500175,271,8,0,6,0,0,1,0,18),(22500175,272,5,6,1,0,1,2,2,21),(22500175,273,2,0,0,0,0,0,0,3),(22500175,274,3,1,0,1,0,0,1,12),(22500175,276,7,9,0,0,0,2,2,28),(22500175,277,32,5,4,0,1,3,3,38),(22500175,278,2,1,0,1,0,0,0,3),(22500175,528,0,1,1,0,0,0,1,2),(22500176,438,0,0,1,0,0,0,1,1),(22500176,440,28,10,7,2,0,2,3,38),(22500176,442,0,0,0,0,0,0,1,1),(22500176,444,11,4,5,1,1,2,1,34),(22500176,445,2,0,0,0,0,0,0,2),(22500176,446,16,4,2,0,0,3,5,35),(22500176,448,12,1,1,2,0,0,1,16),(22500176,449,16,5,1,1,1,0,3,31),(22500176,450,13,3,3,2,0,0,3,23),(22500176,452,20,16,7,1,1,6,1,34),(22500176,453,6,10,2,0,0,0,2,16),(22500176,454,0,1,0,0,0,0,0,1),(22500176,455,8,3,1,0,0,1,0,19),(22500176,458,4,3,2,2,1,3,3,23),(22500176,459,10,4,3,1,0,2,3,15),(22500176,460,16,4,1,2,1,0,0,26),(22500176,461,9,6,1,1,5,0,4,29),(22500176,462,2,0,0,0,0,0,0,1),(22500176,463,17,5,8,1,1,6,3,33),(22500176,466,2,2,1,0,0,0,0,1),(22500176,467,0,1,0,0,0,0,0,1),(22500176,468,7,9,4,2,0,1,0,28),(22500176,469,19,2,2,0,0,0,1,19),(22500176,470,11,3,1,1,1,2,3,20),(22500176,471,0,0,0,0,0,0,0,1),(22500176,527,4,5,1,0,0,0,2,15),(22500177,421,12,3,1,1,0,0,1,27),(22500177,422,0,1,0,0,0,0,0,10),(22500177,425,9,0,3,0,1,2,3,20),(22500177,426,0,1,0,0,0,0,2,10),(22500177,428,10,1,3,2,0,1,2,18),(22500177,430,7,5,5,1,0,1,3,25),(22500177,432,0,1,0,0,0,0,0,4),(22500177,433,15,8,0,2,2,2,3,24),(22500177,434,15,11,1,1,2,4,0,38),(22500177,435,0,0,0,0,0,0,0,3),(22500177,436,11,4,3,1,0,3,0,21),(22500177,437,20,9,2,3,2,2,1,35),(22500177,473,13,5,3,1,0,3,3,25),(22500177,475,12,5,2,2,1,2,2,35),(22500177,481,0,3,0,0,0,0,3,18),(22500177,482,13,8,2,0,0,1,1,22),(22500177,483,2,2,0,0,0,0,2,10),(22500177,485,11,7,2,3,0,3,3,25),(22500177,487,9,2,1,2,0,0,1,19),(22500177,488,11,9,5,2,1,3,2,38),(22500177,489,22,9,1,0,0,1,0,29),(22500177,490,8,6,2,0,1,0,1,14),(22500178,195,5,2,2,1,1,1,1,15),(22500178,197,5,3,3,0,0,3,2,19),(22500178,198,13,13,0,4,1,1,4,27),(22500178,199,6,3,3,0,0,1,1,23),(22500178,201,21,3,2,1,0,1,2,26),(22500178,202,5,2,2,3,1,0,0,16),(22500178,203,2,1,0,0,0,0,1,8),(22500178,205,0,2,0,1,0,1,2,9),(22500178,206,22,4,5,2,1,0,4,31),(22500178,207,23,2,0,1,0,3,0,30),(22500178,209,10,3,9,0,0,3,3,31),(22500178,246,11,8,7,2,1,0,2,35),(22500178,251,2,10,3,0,2,2,1,17),(22500178,252,18,3,0,0,0,1,2,24),(22500178,253,5,3,2,2,0,3,3,27),(22500178,255,33,15,16,3,0,3,1,36),(22500178,256,6,6,0,0,0,2,1,10),(22500178,259,9,2,1,0,0,0,3,23),(22500178,261,14,8,3,2,1,2,2,33),(22500178,262,24,6,1,1,0,3,1,30),(22500179,369,5,0,2,0,0,0,4,17),(22500179,370,3,1,1,0,0,1,3,15),(22500179,371,22,10,0,1,2,0,3,33),(22500179,373,2,1,0,0,0,0,2,5),(22500179,375,9,4,1,0,0,0,1,14),(22500179,376,8,6,1,0,0,2,5,37),(22500179,379,2,0,0,0,0,2,0,6),(22500179,381,15,2,0,1,0,0,2,34),(22500179,383,17,5,5,1,1,3,5,33),(22500179,384,35,9,13,5,2,4,5,41),(22500179,491,0,0,0,0,0,2,0,2),(22500179,492,19,8,3,1,1,5,6,32),(22500179,494,12,1,1,1,0,1,4,24),(22500179,496,16,5,8,3,0,6,4,37),(22500179,498,4,4,3,0,0,1,3,9),(22500179,499,16,2,0,1,0,0,6,22),(22500179,502,15,3,4,0,0,0,3,37),(22500179,505,14,7,0,1,0,4,3,33),(22500179,506,14,6,3,0,0,0,6,27),(22500179,507,6,1,0,0,0,0,1,13),(22500180,280,35,9,4,0,0,0,5,37),(22500180,283,3,9,4,0,2,0,1,20),(22500180,287,14,0,2,0,0,2,1,25),(22500180,289,4,6,1,0,2,0,2,19),(22500180,290,0,1,0,0,1,0,2,8),(22500180,291,27,2,2,3,0,0,5,27),(22500180,292,5,8,5,3,0,3,5,36),(22500180,293,0,0,0,0,0,0,0,1),(22500180,294,21,4,3,1,0,5,3,31),(22500180,297,10,11,3,2,0,4,3,31),(22500180,303,22,6,3,1,0,4,0,34),(22500180,304,26,10,9,2,1,3,3,36),(22500180,305,20,5,5,0,1,1,5,33),(22500180,307,18,6,1,3,1,2,0,22),(22500180,310,7,8,0,2,2,1,3,25),(22500180,311,0,3,2,0,0,1,5,17),(22500180,312,12,0,2,0,0,0,0,20),(22500180,313,16,5,2,0,1,3,6,37),(22500180,314,0,3,0,0,0,0,0,3),(22500180,315,0,3,0,0,0,0,2,7),(22500181,334,3,2,3,1,0,1,1,11),(22500181,335,24,9,3,0,0,5,5,35),(22500181,336,14,9,9,0,0,4,3,31),(22500181,337,30,7,3,1,0,1,3,34),(22500181,338,28,3,3,2,4,3,3,38),(22500181,339,9,1,2,1,0,1,3,13),(22500181,342,0,1,0,0,0,0,1,6),(22500181,343,0,7,2,2,0,1,2,26),(22500181,344,0,4,1,2,2,0,2,15),(22500181,348,2,0,1,1,0,0,1,9),(22500181,350,6,1,1,0,0,2,2,16),(22500181,404,21,4,2,0,0,2,2,25),(22500181,405,12,3,3,1,0,1,2,32),(22500181,406,4,3,0,0,1,1,0,9),(22500181,410,25,2,2,1,0,1,1,35),(22500181,413,18,7,7,0,1,3,4,32),(22500181,414,23,16,10,1,0,3,1,35),(22500181,415,12,6,0,1,2,3,3,32),(22500181,416,0,1,1,0,0,0,0,4),(22500181,417,0,2,2,2,0,1,4,17),(22500181,419,6,3,0,1,1,1,1,15),(22500182,351,5,1,1,0,0,2,3,19),(22500182,354,2,2,2,1,0,0,0,9),(22500182,356,10,1,0,1,1,0,4,22),(22500182,357,9,2,6,1,0,2,0,23),(22500182,358,12,4,5,0,1,1,3,28),(22500182,359,6,3,0,1,0,2,2,17),(22500182,360,17,2,3,1,0,0,0,25),(22500182,361,4,1,0,0,1,0,0,2),(22500182,362,1,1,1,0,0,1,2,6),(22500182,363,13,4,1,1,1,4,1,23),(22500182,365,0,7,2,0,0,1,1,15),(22500182,366,0,2,1,0,0,0,1,18),(22500182,367,23,11,2,2,0,2,2,27),(22500182,385,17,4,2,0,0,1,2,28),(22500182,386,10,5,3,1,1,2,1,24),(22500182,387,24,6,7,3,0,3,4,37),(22500182,388,3,3,0,0,0,2,0,11),(22500182,390,29,3,3,2,0,2,1,22),(22500182,391,18,3,4,3,1,2,4,36),(22500182,392,0,0,0,0,0,0,0,1),(22500182,393,0,3,1,1,0,0,4,11),(22500182,394,1,5,7,1,0,2,0,25),(22500182,396,13,10,0,2,0,0,4,27),(22500182,398,0,1,0,0,0,0,1,1),(22500182,399,0,0,0,0,0,0,0,1),(22500182,401,0,1,0,0,0,1,2,10),(22500183,230,19,3,0,0,0,0,1,29),(22500183,231,25,6,2,2,2,3,3,33),(22500183,233,0,0,0,0,0,0,0,0),(22500183,234,9,3,2,0,0,5,1,28),(22500183,235,2,4,2,0,0,1,2,9),(22500183,236,0,5,0,1,0,0,4,11),(22500183,237,9,9,0,1,0,3,0,26),(22500183,240,10,2,3,1,0,2,6,28),(22500183,241,17,6,5,2,3,2,2,30),(22500183,243,4,1,2,0,1,0,1,24),(22500183,245,10,5,1,0,1,2,1,17),(22500183,421,12,7,2,3,0,0,1,30),(22500183,422,8,1,0,0,0,1,2,13),(22500183,425,6,2,1,0,0,0,0,17),(22500183,426,2,1,1,2,0,0,1,5),(22500183,427,0,0,2,0,0,1,1,8),(22500183,428,14,2,6,4,0,1,2,25),(22500183,430,30,8,2,3,0,0,2,31),(22500183,433,8,5,0,0,2,2,1,18),(22500183,434,14,9,5,1,1,2,2,36),(22500183,435,5,9,1,0,3,2,4,19),(22500183,437,12,7,6,2,0,4,1,33),(22500184,52,31,4,7,1,2,1,3,42),(22500184,53,4,8,1,0,1,1,1,16),(22500184,54,13,2,2,0,0,3,3,27),(22500184,57,19,4,1,0,2,2,4,36),(22500184,58,3,2,1,0,1,1,0,7),(22500184,59,20,17,10,0,1,1,2,36),(22500184,61,29,6,4,0,1,2,3,25),(22500184,65,0,2,0,0,1,0,1,5),(22500184,66,0,2,1,0,0,0,1,5),(22500184,68,11,7,4,3,0,2,4,35),(22500184,71,3,1,0,1,0,1,0,11),(22500184,73,21,8,5,0,0,1,3,37),(22500184,74,18,5,4,2,2,2,6,31),(22500184,75,22,6,6,0,0,1,2,36),(22500184,76,22,3,6,0,0,1,5,34),(22500184,77,12,7,1,1,2,1,3,21),(22500184,78,3,0,0,0,0,0,1,11),(22500184,81,9,3,5,1,0,2,1,24),(22500184,82,0,2,0,0,0,0,2,15),(22500184,83,10,3,2,2,1,1,2,17),(22500184,85,0,0,0,0,0,0,0,0),(22500185,369,12,18,2,1,1,2,2,28),(22500185,370,14,4,1,0,0,1,1,24),(22500185,371,11,5,0,0,0,3,0,19),(22500185,373,9,2,2,1,0,1,1,18),(22500185,375,4,3,0,0,1,0,0,16),(22500185,376,13,5,2,2,1,2,1,23),(22500185,377,1,2,1,0,2,0,0,14),(22500185,379,3,1,2,1,0,2,1,23),(22500185,381,8,2,0,0,0,1,1,23),(22500185,383,5,0,2,2,0,2,2,20),(22500185,384,22,5,11,1,0,5,2,26),(22500185,509,4,1,0,0,0,0,0,3),(22500185,511,14,2,7,1,0,1,2,35),(22500185,513,10,8,13,1,0,2,2,36),(22500185,516,19,1,4,2,0,1,1,27),(22500185,518,0,0,0,0,0,0,0,1),(22500185,519,17,5,0,4,1,1,2,26),(22500185,520,12,8,4,3,2,2,1,32),(22500185,521,21,7,7,2,1,2,2,34),(22500185,523,17,3,1,0,1,1,3,24),(22500185,525,8,2,1,0,1,1,1,19),(22500186,88,15,9,6,2,1,2,2,32),(22500186,92,9,5,4,2,0,2,4,29),(22500186,93,14,3,1,0,0,1,1,22),(22500186,95,15,3,3,3,1,1,3,28),(22500186,96,4,4,0,0,0,3,4,17),(22500186,97,0,3,0,0,1,0,1,4),(22500186,99,18,11,4,0,1,1,2,18),(22500186,100,17,6,4,1,0,2,4,30),(22500186,101,19,4,3,0,0,1,3,32),(22500186,102,11,1,2,0,0,0,1,23),(22500186,105,2,4,4,0,0,0,4,22),(22500186,107,24,8,5,0,1,1,3,33),(22500186,108,8,2,8,0,0,1,3,27),(22500186,109,0,0,1,0,0,0,2,4),(22500186,111,29,4,2,0,1,3,2,29),(22500186,112,17,7,3,2,2,0,2,30),(22500186,114,6,2,1,0,0,0,3,12),(22500186,117,11,3,2,1,2,2,2,24),(22500186,118,2,3,0,2,1,0,4,19),(22500186,120,29,6,6,1,0,2,2,35),(22500187,195,7,1,0,0,0,0,3,17),(22500187,197,29,9,6,2,1,6,5,31),(22500187,198,9,12,1,1,3,2,2,22),(22500187,199,16,1,5,0,0,1,3,27),(22500187,201,14,12,7,1,0,1,1,29),(22500187,202,13,5,6,4,0,1,0,22),(22500187,206,15,3,1,2,1,1,3,33),(22500187,207,22,2,3,2,0,1,2,30),(22500187,209,11,2,8,5,0,1,4,25),(22500187,303,18,9,13,4,0,3,3,34),(22500187,304,33,11,8,0,1,3,5,36),(22500187,305,18,3,4,1,0,4,6,22),(22500187,307,21,9,1,1,0,6,3,28),(22500187,310,13,7,0,2,2,0,4,20),(22500187,311,6,3,1,0,0,0,3,21),(22500187,312,6,3,0,0,0,1,1,11),(22500187,313,13,7,1,0,0,3,3,39),(22500187,314,0,3,1,0,1,0,0,7),(22500187,315,3,2,0,0,0,0,4,17),(22500188,473,18,3,3,2,0,2,3,31),(22500188,475,15,3,4,3,0,1,4,38),(22500188,481,0,5,0,0,0,0,3,17),(22500188,482,8,2,5,0,0,0,2,16),(22500188,483,4,5,0,0,0,1,0,8),(22500188,485,13,5,8,0,2,4,3,24),(22500188,487,5,0,0,0,0,1,0,18),(22500188,488,41,9,3,1,0,1,1,38),(22500188,489,10,2,4,1,0,0,0,29),(22500188,490,5,6,0,0,0,1,3,16),(22500188,492,18,18,3,1,3,5,2,32),(22500188,494,12,8,4,2,0,0,1,19),(22500188,495,24,3,3,1,0,2,3,30),(22500188,496,16,4,13,1,0,2,6,35),(22500188,499,8,3,4,1,2,1,2,20),(22500188,500,0,1,0,0,0,0,0,5),(22500188,502,16,2,0,0,1,0,2,32),(22500188,505,14,1,2,0,0,1,2,25),(22500188,506,15,2,0,0,0,1,1,27),(22500188,507,3,1,2,0,0,0,1,10),(22500189,141,22,0,6,0,0,3,1,33),(22500189,144,8,5,2,0,0,1,2,21),(22500189,147,0,2,1,0,0,0,0,5),(22500189,148,2,3,0,0,2,0,1,14),(22500189,150,6,5,3,0,0,1,4,15),(22500189,151,4,6,1,3,0,0,2,18),(22500189,152,25,1,0,4,0,1,3,26),(22500189,153,7,5,1,1,0,1,2,18),(22500189,154,5,2,0,0,0,1,2,22),(22500189,156,4,6,1,0,4,1,4,15),(22500189,157,14,6,5,0,0,2,2,33),(22500189,246,8,5,2,1,0,2,1,26),(22500189,248,12,6,2,0,0,0,3,21),(22500189,249,0,3,0,0,0,0,0,3),(22500189,251,16,7,1,3,0,1,3,27),(22500189,252,17,3,4,0,0,1,2,23),(22500189,253,6,7,0,1,0,1,3,23),(22500189,255,32,14,14,1,0,8,4,31),(22500189,256,6,5,3,0,1,1,2,13),(22500189,257,6,1,2,0,1,0,1,19),(22500189,258,0,1,0,0,0,1,2,3),(22500189,259,12,2,4,2,0,0,2,27),(22500189,260,2,1,0,0,0,1,2,17),(22500189,526,3,2,0,1,0,0,0,14),(22500190,351,12,0,3,1,0,1,1,19),(22500190,352,13,0,13,0,0,3,2,40),(22500190,356,7,0,1,0,0,0,0,27),(22500190,357,6,2,3,2,0,2,5,33),(22500190,359,8,0,0,0,2,0,1,12),(22500190,360,8,3,0,0,1,0,2,17),(22500190,363,19,4,2,1,0,0,0,28),(22500190,366,9,3,0,1,2,2,1,25),(22500190,367,21,15,4,0,0,3,3,35),(22500190,385,12,7,5,2,0,1,2,28),(22500190,386,6,4,1,1,0,0,2,19),(22500190,387,21,10,9,0,0,5,4,37),(22500190,388,4,5,0,0,2,1,2,15),(22500190,389,16,2,3,2,0,1,2,27),(22500190,390,2,1,1,0,0,0,1,6),(22500190,391,14,0,3,1,0,2,0,31),(22500190,393,0,0,2,0,0,0,1,4),(22500190,394,13,6,4,0,0,0,2,26),(22500190,396,19,6,0,2,0,2,3,28),(22500190,401,7,1,2,1,0,0,0,13),(22500191,160,13,6,1,3,3,1,4,33),(22500191,161,9,2,1,2,0,0,2,29),(22500191,163,11,1,4,3,0,1,3,23),(22500191,166,19,2,5,1,0,2,3,30),(22500191,167,0,1,0,0,0,0,1,13),(22500191,168,11,1,1,0,1,0,3,29),(22500191,170,3,1,4,2,0,2,3,26),(22500191,171,37,8,3,0,1,3,0,35),(22500191,175,12,5,6,0,1,4,1,17),(22500191,440,14,8,5,3,1,3,2,37),(22500191,444,31,3,7,0,0,3,2,37),(22500191,446,16,9,1,0,0,2,2,31),(22500191,447,12,6,1,0,0,1,2,22),(22500191,448,16,0,2,4,1,2,2,29),(22500191,449,6,8,0,0,0,0,2,18),(22500191,450,0,1,1,0,1,0,1,17),(22500191,452,23,11,7,0,0,5,5,39),(22500191,453,4,4,0,1,0,1,1,6),(22500192,18,13,3,1,1,1,2,2,28),(22500192,20,15,2,3,1,1,3,3,22),(22500192,22,10,4,3,0,0,3,0,25),(22500192,23,4,1,0,0,0,0,1,8),(22500192,24,0,0,0,0,0,0,2,10),(22500192,25,5,8,2,0,0,2,3,24),(22500192,26,0,1,4,0,1,1,1,17),(22500192,27,25,4,0,1,0,2,3,25),(22500192,28,10,6,1,1,1,2,1,12),(22500192,29,4,1,2,0,2,0,2,22),(22500192,30,0,3,0,1,0,2,3,20),(22500192,32,12,5,5,0,2,2,4,22),(22500192,35,11,2,3,2,0,1,6,18),(22500192,36,0,2,3,1,0,2,0,16),(22500192,37,11,7,2,1,0,1,1,21),(22500192,39,19,8,3,1,0,1,1,27),(22500192,41,19,0,7,0,0,4,1,28),(22500192,42,0,0,3,0,0,0,1,5),(22500192,44,8,8,0,2,2,0,3,16),(22500192,45,16,1,5,0,0,0,2,27),(22500192,46,5,2,0,0,0,0,1,10),(22500192,47,28,12,2,2,0,2,5,28),(22500192,48,8,1,3,0,0,0,1,21),(22500192,50,5,0,0,0,0,0,0,5),(22500192,51,2,2,0,0,1,3,3,8),(22500192,528,2,1,0,0,0,0,0,5),(22500193,2,25,1,3,0,0,2,3,22),(22500193,3,27,5,1,1,1,4,4,33),(22500193,4,0,2,1,1,0,0,0,15),(22500193,5,21,3,4,3,0,2,2,36),(22500193,6,5,5,5,0,0,3,4,33),(22500193,10,6,6,4,2,0,0,3,25),(22500193,11,3,1,1,2,0,1,0,12),(22500193,13,0,4,0,0,0,0,1,17),(22500193,14,16,8,3,1,0,1,4,17),(22500193,17,8,6,0,0,1,1,6,25),(22500193,211,4,3,0,1,0,1,2,19),(22500193,212,0,0,0,0,0,0,0,4),(22500193,213,0,0,2,0,0,1,0,10),(22500193,214,9,5,6,0,0,1,4,35),(22500193,215,20,8,4,3,0,3,2,28),(22500193,216,28,6,4,0,0,6,5,34),(22500193,223,20,9,3,2,0,2,2,37),(22500193,224,12,5,0,0,0,0,0,22),(22500193,225,12,4,1,1,1,3,5,31),(22500193,226,2,2,1,1,3,0,4,14),(22500193,227,0,0,0,0,0,0,0,0),(22500194,280,35,7,6,2,0,1,0,35),(22500194,281,0,0,0,0,0,0,1,4),(22500194,283,0,3,1,0,0,0,2,16),(22500194,284,21,7,2,1,0,0,4,30),(22500194,286,5,4,2,1,0,2,0,20),(22500194,287,8,2,0,0,1,0,1,21),(22500194,289,0,1,0,1,0,0,0,7),(22500194,292,6,4,1,2,0,0,1,34),(22500194,293,0,4,1,0,1,0,1,7),(22500194,294,21,6,4,3,0,0,2,31),(22500194,297,18,13,2,0,1,3,5,30),(22500194,455,12,1,2,0,0,2,2,22),(22500194,458,9,4,3,1,1,1,4,23),(22500194,459,3,6,0,0,1,1,2,14),(22500194,460,12,9,4,1,2,4,3,29),(22500194,461,17,7,2,0,2,1,3,28),(22500194,463,11,3,8,1,0,3,5,33),(22500194,466,0,0,0,0,0,0,0,0),(22500194,467,0,0,0,0,0,0,0,0),(22500194,468,13,10,4,0,0,0,2,28),(22500194,469,9,1,1,0,0,1,1,20),(22500194,470,10,5,3,0,0,0,3,27),(22500194,471,1,1,0,0,0,0,0,0),(22500194,472,3,3,3,0,0,1,0,8),(22500195,52,33,4,7,2,0,3,3,38),(22500195,53,17,12,2,1,1,0,3,34),(22500195,54,13,5,4,1,0,3,1,29),(22500195,57,13,5,3,0,1,3,3,36),(22500195,59,7,3,2,1,0,2,3,24),(22500195,60,0,0,1,1,0,0,1,8),(22500195,63,0,0,1,0,0,1,1,5),(22500195,65,2,4,0,1,3,0,1,12),(22500195,66,12,5,0,0,0,2,2,17),(22500195,68,11,6,2,1,1,5,4,31),(22500195,121,21,16,1,2,2,3,5,37),(22500195,123,26,4,11,1,0,5,4,40),(22500195,124,9,4,1,2,0,1,1,33),(22500195,125,4,5,0,0,2,0,1,10),(22500195,126,14,0,3,0,1,1,0,20),(22500195,127,14,5,4,3,0,2,1,33),(22500195,134,6,2,2,1,0,2,2,28),(22500195,135,0,0,0,0,0,1,1,5),(22500195,137,17,1,1,3,0,0,6,29),(22500196,141,14,2,9,2,0,2,3,29),(22500196,143,0,1,1,0,0,1,0,6),(22500196,144,12,2,0,0,1,6,3,31),(22500196,147,5,1,0,0,0,3,1,6),(22500196,148,2,6,2,3,0,4,3,27),(22500196,150,6,6,1,0,1,0,1,16),(22500196,151,12,6,1,0,1,2,2,21),(22500196,153,9,12,1,2,0,1,1,32),(22500196,154,3,4,0,0,0,0,3,26),(22500196,156,12,11,2,0,3,1,5,21),(22500196,334,0,1,0,1,0,0,0,3),(22500196,335,5,8,2,0,0,1,0,20),(22500196,336,14,6,1,2,0,2,3,31),(22500196,337,15,3,1,1,0,0,1,19),(22500196,338,13,3,1,2,1,0,4,22),(22500196,339,8,4,2,1,0,0,2,19),(22500196,341,21,9,7,2,1,1,1,30),(22500196,342,3,2,0,0,0,0,1,3),(22500196,343,12,4,1,0,3,2,1,18),(22500196,344,14,8,2,1,0,0,0,24),(22500196,346,3,2,3,0,0,4,2,24),(22500196,348,4,0,0,0,0,0,1,5),(22500196,350,2,0,2,1,1,0,0,16),(22500196,526,8,2,4,0,0,0,3,20),(22500197,263,8,4,4,2,1,0,3,28),(22500197,265,21,5,3,0,2,2,4,26),(22500197,266,11,0,3,0,0,2,1,15),(22500197,267,26,4,5,2,0,2,2,29),(22500197,269,4,1,0,1,0,0,1,6),(22500197,270,2,2,1,0,0,0,1,4),(22500197,271,6,3,3,1,0,0,0,17),(22500197,272,13,4,2,2,1,1,3,25),(22500197,273,2,0,0,1,0,0,3,5),(22500197,274,11,2,1,0,0,1,1,15),(22500197,276,19,12,1,1,5,1,1,33),(22500197,277,19,6,4,1,0,1,3,26),(22500197,278,2,1,1,0,0,0,0,4),(22500197,404,2,0,5,0,0,0,3,19),(22500197,405,10,5,5,1,0,3,0,22),(22500197,406,12,10,0,0,1,1,3,29),(22500197,408,26,4,2,1,0,1,2,29),(22500197,410,22,3,2,1,0,2,3,28),(22500197,411,20,13,3,1,0,3,4,29),(22500197,413,3,3,2,1,0,1,2,28),(22500197,414,6,0,1,1,1,2,1,15),(22500197,415,6,1,1,1,1,1,0,13),(22500197,416,0,1,2,1,0,2,1,5),(22500197,417,5,3,2,0,0,0,1,12),(22500197,419,5,0,0,0,0,0,0,4),(22500198,176,34,8,5,1,1,2,4,40),(22500198,179,7,1,1,0,1,2,2,24),(22500198,180,19,10,9,1,0,3,1,38),(22500198,181,13,0,3,1,0,4,4,25),(22500198,184,9,4,0,0,0,4,4,19),(22500198,186,8,3,1,2,3,0,2,28),(22500198,187,0,5,0,1,0,1,0,7),(22500198,189,6,2,5,0,0,2,1,18),(22500198,191,8,3,4,0,0,3,3,20),(22500198,193,7,1,0,0,1,1,4,17),(22500198,369,0,1,1,0,0,1,4,16),(22500198,370,3,5,0,0,1,0,1,11),(22500198,371,14,6,0,0,0,3,3,32),(22500198,375,2,5,0,0,1,0,2,14),(22500198,376,6,1,3,1,0,0,4,24),(22500198,378,24,5,7,2,0,1,2,29),(22500198,381,21,3,1,1,0,1,1,35),(22500198,383,13,4,6,7,0,3,1,36),(22500198,384,38,6,7,1,0,2,4,38),(22500199,121,19,14,3,2,0,5,2,39),(22500199,123,46,12,11,5,2,2,4,44),(22500199,124,5,1,1,1,0,2,4,23),(22500199,125,8,9,0,1,1,0,3,13),(22500199,129,8,3,2,1,0,0,0,26),(22500199,131,24,8,3,4,0,2,3,33),(22500199,134,11,11,3,1,2,2,0,38),(22500199,135,3,2,2,0,0,1,1,7),(22500199,137,13,3,2,1,0,0,1,37),(22500199,230,20,2,1,2,0,1,3,29),(22500199,231,42,6,4,1,0,4,3,42),(22500199,234,11,7,5,0,0,3,5,34),(22500199,235,0,0,0,0,0,0,0,0),(22500199,236,0,0,0,0,0,0,1,2),(22500199,237,10,4,3,0,0,1,0,23),(22500199,240,14,4,6,0,1,3,5,29),(22500199,241,15,15,2,1,2,3,5,37),(22500199,242,6,3,2,3,0,2,4,26),(22500199,243,8,3,2,0,0,0,1,22),(22500199,245,9,2,1,3,3,3,1,15),(22500200,211,8,4,2,1,0,2,5,32),(22500200,212,7,6,0,2,0,0,0,13),(22500200,213,0,0,0,0,0,0,0,5),(22500200,214,22,3,7,0,0,3,3,33),(22500200,216,28,9,3,1,0,2,4,34),(22500200,219,3,2,2,0,1,0,1,19),(22500200,223,19,9,6,1,2,2,3,36),(22500200,224,2,3,0,0,0,0,0,17),(22500200,225,19,9,5,0,2,4,4,29),(22500200,226,7,5,1,1,2,0,3,17),(22500200,303,13,7,7,2,1,3,0,35),(22500200,304,27,5,5,0,1,2,5,35),(22500200,305,17,1,4,0,0,1,5,30),(22500200,307,31,3,1,0,0,1,2,28),(22500200,310,2,9,0,0,0,0,3,29),(22500200,311,3,2,1,1,0,0,1,18),(22500200,312,0,0,0,0,0,0,3,3),(22500200,313,8,5,3,1,1,1,3,33),(22500200,314,7,4,0,1,0,0,0,14),(22500200,315,4,2,1,0,0,0,2,9),(22500201,105,9,4,2,1,0,0,3,19),(22500201,107,21,10,5,0,1,2,3,38),(22500201,108,12,2,2,0,0,0,3,32),(22500201,109,2,1,0,0,0,0,0,5),(22500201,110,11,5,2,2,0,0,3,18),(22500201,111,23,4,4,1,0,1,5,35),(22500201,112,9,9,1,3,1,0,3,31),(22500201,117,14,7,2,0,1,3,0,20),(22500201,118,9,3,0,0,1,0,3,21),(22500201,120,28,15,8,1,0,1,4,40),(22500201,195,13,4,0,0,1,0,2,16),(22500201,197,8,8,4,0,1,1,5,26),(22500201,198,14,20,1,1,1,0,2,33),(22500201,199,10,5,4,0,0,3,3,26),(22500201,201,22,13,7,1,2,2,2,33),(22500201,202,6,0,1,0,0,0,2,14),(22500201,206,23,2,5,1,0,2,2,37),(22500201,207,33,2,2,1,1,1,4,38),(22500201,209,11,2,8,1,0,5,5,38),(22500202,89,6,1,1,0,0,0,0,8),(22500202,90,4,0,0,0,0,0,0,2),(22500202,92,11,8,6,0,0,1,2,28),(22500202,93,20,2,5,2,1,1,0,32),(22500202,95,23,5,5,0,1,1,3,33),(22500202,96,15,5,0,1,1,1,4,24),(22500202,97,0,1,0,1,0,1,0,9),(22500202,99,11,12,2,0,0,1,2,21),(22500202,100,20,7,7,2,0,1,2,33),(22500202,101,2,2,3,0,1,2,5,20),(22500202,102,5,2,0,4,0,3,2,25),(22500202,492,38,12,5,1,5,3,4,35),(22500202,494,10,7,1,1,0,1,2,19),(22500202,495,21,4,5,0,0,6,3,36),(22500202,496,19,5,11,3,0,1,3,31),(22500202,497,16,7,2,0,1,0,1,20),(22500202,498,0,0,2,0,0,0,0,3),(22500202,499,1,1,0,1,0,0,0,10),(22500202,500,2,1,0,0,0,0,0,3),(22500202,502,4,4,0,0,0,0,1,21),(22500202,505,0,2,1,3,0,3,0,22),(22500202,506,7,3,2,1,1,1,1,27),(22500202,507,3,1,1,0,0,0,2,7),(22500203,160,14,7,2,1,1,1,3,27),(22500203,161,3,2,1,1,1,1,1,26),(22500203,163,13,7,0,0,0,0,1,27),(22500203,164,0,0,0,1,0,1,0,2),(22500203,166,13,4,8,2,1,1,5,32),(22500203,167,0,1,0,0,0,0,1,10),(22500203,168,26,5,2,1,0,0,5,31),(22500203,170,13,5,2,1,0,0,5,27),(22500203,171,30,8,6,1,3,5,5,37),(22500203,175,4,5,3,1,0,4,0,16),(22500203,421,13,5,3,0,3,1,1,30),(22500203,422,2,1,0,0,0,2,2,4),(22500203,425,7,3,3,1,0,1,0,16),(22500203,426,0,0,0,0,0,0,1,3),(22500203,428,19,6,3,1,0,4,2,33),(22500203,430,9,5,3,1,0,1,2,25),(22500203,432,2,2,2,1,0,0,3,9),(22500203,433,7,8,3,1,0,1,4,23),(22500203,434,16,7,1,1,1,3,4,22),(22500203,435,7,4,0,0,2,0,1,19),(22500203,436,6,2,3,0,1,0,0,16),(22500203,437,26,9,4,2,1,1,2,34),(22500204,385,14,5,2,1,1,1,3,23),(22500204,386,2,4,3,0,1,3,1,23),(22500204,387,19,0,3,1,0,3,0,26),(22500204,388,2,5,1,0,0,0,1,8),(22500204,389,18,5,0,1,0,3,2,25),(22500204,391,42,2,4,3,0,1,0,27),(22500204,392,0,2,0,0,1,2,1,4),(22500204,393,2,5,4,0,1,2,1,19),(22500204,394,6,1,5,1,0,2,1,13),(22500204,396,2,6,1,1,2,0,2,20),(22500204,397,3,1,2,0,0,0,2,11),(22500204,398,5,0,0,0,1,0,1,8),(22500204,399,2,1,0,1,0,0,1,4),(22500204,401,4,5,4,3,0,1,2,23),(22500204,473,15,2,1,2,0,5,2,30),(22500204,475,7,2,4,1,0,1,2,28),(22500204,480,2,0,0,1,0,1,1,5),(22500204,481,4,1,0,0,1,1,3,16),(22500204,482,8,3,4,2,0,1,3,23),(22500204,483,11,2,2,0,1,0,2,16),(22500204,485,12,6,1,2,0,3,3,24),(22500204,487,1,1,0,0,0,1,1,16),(22500204,488,21,10,4,2,0,6,2,32),(22500204,489,15,7,0,1,0,0,2,29),(22500204,490,2,6,2,1,1,0,2,16),(22500205,263,14,1,2,1,1,1,2,37),(22500205,265,16,6,3,2,0,1,4,34),(22500205,266,0,1,1,0,0,0,0,3),(22500205,267,35,6,6,0,1,1,3,38),(22500205,271,5,2,2,0,0,2,0,17),(22500205,272,7,5,3,1,1,0,1,28),(22500205,274,2,1,0,1,0,1,4,12),(22500205,276,14,12,1,0,2,2,5,33),(22500205,277,27,8,7,3,0,2,2,34),(22500205,318,27,6,6,0,1,3,2,36),(22500205,320,5,3,7,0,0,2,3,15),(22500205,321,11,3,2,0,0,1,2,28),(22500205,322,6,3,2,0,2,1,0,17),(22500205,325,10,7,2,3,0,2,4,27),(22500205,326,7,3,3,0,1,2,4,26),(22500205,327,21,8,3,1,0,1,4,34),(22500205,329,10,4,1,0,0,1,0,11),(22500205,330,6,10,3,1,0,1,3,25),(22500205,333,10,3,1,0,1,1,2,16),(22500206,352,35,10,11,0,2,6,0,38),(22500206,356,11,2,2,2,1,0,0,33),(22500206,357,11,2,0,2,1,0,3,36),(22500206,359,9,0,2,0,1,3,2,16),(22500206,360,3,3,3,1,0,0,1,18),(22500206,363,9,7,0,1,1,0,4,31),(22500206,365,9,2,0,0,0,0,1,15),(22500206,366,2,4,0,1,1,0,0,19),(22500206,367,13,12,1,0,2,2,3,30),(22500206,510,16,10,8,1,1,1,2,34),(22500206,511,5,4,1,0,0,1,3,24),(22500206,512,7,4,2,1,0,1,1,20),(22500206,513,6,3,8,3,1,4,3,38),(22500206,515,20,3,4,0,3,0,5,26),(22500206,516,11,5,0,1,2,2,0,31),(22500206,520,10,6,3,0,0,1,3,26),(22500206,521,2,3,2,1,0,1,3,8),(22500206,523,28,3,2,0,1,0,2,30),(22500207,18,2,2,0,0,0,0,2,17),(22500207,19,2,1,0,0,0,0,0,2),(22500207,20,6,1,3,2,0,1,2,21),(22500207,22,16,4,5,1,0,1,2,27),(22500207,24,3,0,0,0,0,0,0,2),(22500207,25,0,1,1,0,0,0,1,13),(22500207,26,9,3,4,0,0,1,3,32),(22500207,27,21,6,3,0,1,3,3,35),(22500207,29,18,8,3,2,2,4,3,34),(22500207,30,9,1,0,0,0,0,1,15),(22500207,32,21,8,4,2,2,2,3,35),(22500207,33,2,1,1,0,0,0,0,2),(22500207,71,6,3,2,0,0,1,1,19),(22500207,72,0,0,0,0,0,0,0,1),(22500207,73,25,5,4,1,1,0,1,32),(22500207,74,15,11,5,1,1,2,5,30),(22500207,75,24,8,5,2,0,1,2,31),(22500207,76,13,4,6,0,0,1,2,28),(22500207,77,9,4,1,0,0,0,5,19),(22500207,78,6,1,0,0,0,1,3,15),(22500207,80,12,10,2,1,2,0,4,29),(22500207,81,6,1,5,0,0,2,0,17),(22500207,85,3,3,1,0,0,0,0,13),(22500208,35,13,3,2,0,0,1,3,16),(22500208,36,9,1,2,0,0,0,0,15),(22500208,37,8,4,8,2,0,1,4,30),(22500208,39,16,4,3,2,0,4,5,35),(22500208,41,32,5,10,0,0,6,1,36),(22500208,45,22,7,5,4,0,0,0,38),(22500208,46,2,6,1,0,0,0,0,14),(22500208,47,21,13,4,3,2,2,4,31),(22500208,48,10,1,0,1,0,0,4,20),(22500208,455,18,3,4,2,0,1,1,29),(22500208,458,4,2,0,2,0,0,0,15),(22500208,459,14,9,6,0,0,5,0,24),(22500208,460,19,7,3,0,0,0,2,30),(22500208,461,19,6,3,0,0,5,6,29),(22500208,463,16,3,10,0,0,8,3,33),(22500208,468,11,3,5,2,2,2,1,30),(22500208,469,11,2,4,1,0,0,2,18),(22500208,470,8,8,1,0,1,1,4,25),(22500208,472,0,1,0,0,0,0,1,3),(22500209,2,17,4,5,0,0,2,1,25),(22500209,3,24,6,5,0,0,2,2,35),(22500209,4,3,1,0,0,0,0,3,8),(22500209,5,18,5,7,0,2,2,2,35),(22500209,6,5,3,3,1,0,1,2,31),(22500209,10,8,7,1,2,2,0,2,29),(22500209,11,5,2,0,1,0,1,2,5),(22500209,13,3,7,0,0,0,0,0,21),(22500209,14,9,8,0,0,0,0,1,19),(22500209,17,8,10,2,0,2,2,2,28),(22500209,52,21,5,9,1,0,0,3,33),(22500209,53,14,13,0,0,1,0,1,33),(22500209,54,18,6,4,0,1,4,2,27),(22500209,57,12,7,0,0,0,2,5,30),(22500209,58,22,3,3,1,0,1,3,26),(22500209,59,7,2,1,0,0,1,3,21),(22500209,60,0,1,1,0,0,1,1,6),(22500209,65,2,4,0,0,2,0,0,14),(22500209,66,0,0,3,0,0,0,3,10),(22500209,68,6,3,3,0,2,0,1,34),(22500210,280,28,5,11,3,1,2,2,28),(22500210,281,0,0,1,1,0,0,1,5),(22500210,283,12,6,5,1,0,2,2,30),(22500210,284,23,11,2,0,1,2,3,24),(22500210,286,8,2,3,5,0,3,1,15),(22500210,287,18,1,1,0,0,3,4,29),(22500210,289,5,1,0,0,0,2,0,20),(22500210,292,3,1,2,0,0,1,3,20),(22500210,293,4,3,0,1,0,0,0,15),(22500210,294,17,3,2,1,1,1,3,30),(22500210,297,8,7,2,0,1,3,2,19),(22500210,334,2,6,3,2,0,0,0,14),(22500210,335,13,3,4,0,1,5,0,23),(22500210,336,10,4,1,3,0,0,5,20),(22500210,337,9,0,1,1,0,0,4,22),(22500210,338,10,0,0,1,1,1,0,20),(22500210,339,4,0,4,2,0,2,2,11),(22500210,341,12,3,2,3,0,1,0,22),(22500210,342,4,3,0,1,0,0,1,12),(22500210,344,6,3,2,0,1,1,1,16),(22500210,346,3,2,4,1,0,3,4,21),(22500210,347,11,1,0,1,0,1,5,19),(22500210,348,6,6,1,0,1,6,4,22),(22500210,350,12,1,1,1,0,0,2,12),(22500211,141,25,2,7,0,0,1,5,29),(22500211,144,11,1,0,1,1,3,1,22),(22500211,146,12,1,1,0,0,0,1,11),(22500211,148,1,1,0,0,0,0,0,5),(22500211,150,8,1,2,0,0,0,2,19),(22500211,151,12,10,2,2,0,1,5,22),(22500211,152,17,4,7,1,1,0,3,31),(22500211,153,6,4,3,1,0,0,3,21),(22500211,154,4,2,0,1,0,0,2,17),(22500211,156,3,3,0,0,2,0,1,11),(22500211,157,27,5,4,0,1,2,3,35),(22500211,318,10,5,7,0,0,3,5,26),(22500211,319,2,1,2,1,0,0,3,18),(22500211,320,14,6,11,0,1,2,4,26),(22500211,321,20,4,4,0,1,1,1,27),(22500211,322,8,0,3,0,0,2,2,12),(22500211,323,0,0,0,0,0,0,0,1),(22500211,325,20,4,1,0,0,1,3,25),(22500211,326,16,7,3,0,0,1,2,20),(22500211,327,35,3,2,0,1,0,4,34),(22500211,329,16,4,1,2,0,1,0,15),(22500211,330,11,11,4,0,0,3,3,30),(22500211,526,2,1,3,0,1,1,0,12),(22500212,246,12,1,1,1,0,0,0,29),(22500212,248,0,1,0,0,0,0,0,3),(22500212,251,0,3,0,1,1,1,6,18),(22500212,252,6,2,1,0,0,0,1,24),(22500212,253,14,7,1,2,0,0,1,27),(22500212,255,35,15,7,2,0,3,3,32),(22500212,256,10,7,1,0,1,2,3,15),(22500212,259,5,2,2,0,0,1,1,22),(22500212,261,23,3,8,0,0,3,2,37),(22500212,262,17,7,3,0,0,2,2,30),(22500212,404,12,1,2,1,0,1,0,28),(22500212,405,5,3,2,0,0,1,2,13),(22500212,406,6,3,3,1,0,1,1,17),(22500212,408,12,4,3,0,0,1,2,34),(22500212,410,18,1,2,1,1,0,2,30),(22500212,411,19,8,4,0,0,0,6,25),(22500212,413,0,0,3,0,0,3,0,20),(22500212,414,14,8,11,0,0,2,2,31),(22500212,415,19,7,1,0,0,1,5,22),(22500212,417,3,0,0,1,2,0,3,14);
/*!40000 ALTER TABLE `PlayerGameStats` ENABLE KEYS */;
UNLOCK TABLES;

--
-- Table structure for table `Team`
--

DROP TABLE IF EXISTS `Team`;
/*!40101 SET @saved_cs_client     = @@character_set_client */;
/*!50503 SET character_set_client = utf8mb4 */;
CREATE TABLE `Team` (
  `TeamID` int NOT NULL AUTO_INCREMENT,
  `Name` varchar(30) DEFAULT NULL,
  `Abbreviation` varchar(3) DEFAULT NULL,
  `City` varchar(30) DEFAULT NULL,
  `State` varchar(30) DEFAULT NULL,
  `Conference` varchar(10) DEFAULT NULL,
  `Division` varchar(20) DEFAULT NULL,
  `CoachID` int NOT NULL,
  `VenueID` int DEFAULT NULL,
  PRIMARY KEY (`TeamID`),
  KEY `CoachID` (`CoachID`),
  CONSTRAINT `team_ibfk_1` FOREIGN KEY (`CoachID`) REFERENCES `HeadCoach` (`CoachID`)
) ENGINE=InnoDB AUTO_INCREMENT=32 DEFAULT CHARSET=utf8mb4 COLLATE=utf8mb4_0900_ai_ci;
/*!40101 SET character_set_client = @saved_cs_client */;

--
-- Dumping data for table `Team`
--

LOCK TABLES `Team` WRITE;
/*!40000 ALTER TABLE `Team` DISABLE KEYS */;
INSERT INTO `Team` VALUES (1,'Boston Celtics','BOS','Boston','Massachusetts','East','Atlantic',1,2),(2,'Brooklyn Nets','BKN','Brooklyn','New York','East','Atlantic',2,3),(3,'New York Knicks','NYK','New York','New York','East','Atlantic',3,20),(4,'Philadelphia 76ers','PHI','Philadelphia','Pennsylvania','East','Atlantic',4,23),(5,'Toronto Raptors','TOR','Toronto','Ontario','East','Atlantic',5,28),(6,'Chicago Bulls','CHI','Chicago','Illinois','East','Central',6,5),(7,'Cleveland Cavaliers','CLE','Cleveland','Ohio','East','Central',7,6),(8,'Detroit Pistons','DET','Detroit','Michigan','East','Central',8,9),(9,'Indiana Pacers','IND','Indianapolis','Indiana','East','Central',9,12),(10,'Milwaukee Bucks','MIL','Milwaukee','Wisconsin','East','Central',10,17),(11,'Atlanta Hawks','ATL','Atlanta','Georgia','East','Southeast',11,1),(12,'Charlotte Hornets','CHA','Charlotte','North Carolina','East','Southeast',12,4),(13,'Miami Heat','MIA','Miami','Florida','East','Southeast',13,16),(14,'Orlando Magic','ORL','Orlando','Florida','East','Southeast',14,22),(15,'Washington Wizards','WAS','Washington','DC','East','Southeast',15,30),(16,'Denver Nuggets','DEN','Denver','Colorado','West','Northwest',16,8),(17,'Minnesota Timberwolves','MIN','Minneapolis','Minnesota','West','Northwest',17,18),(18,'Oklahoma City Thunder','OKC','Oklahoma City','Oklahoma','West','Northwest',18,21),(19,'Portland Trail Blazers','POR','Portland','Oregon','West','Northwest',19,25),(20,'Utah Jazz','UTA','Salt Lake City','Utah','West','Northwest',20,29),(21,'Golden State Warriors','GSW','San Francisco','California','West','Pacific',21,10),(22,'Los Angeles Clippers','LAC','Los Angeles','California','West','Pacific',22,13),(23,'Los Angeles Lakers','LAL','Los Angeles','California','West','Pacific',23,14),(24,'Phoenix Suns','PHX','Phoenix','Arizona','West','Pacific',24,24),(25,'Sacramento Kings','SAC','Sacramento','California','West','Pacific',25,26),(26,'Dallas Mavericks','DAL','Dallas','Texas','West','Southwest',26,7),(27,'Houston Rockets','HOU','Houston','Texas','West','Southwest',27,11),(28,'Memphis Grizzlies','MEM','Memphis','Tennessee','West','Southwest',28,15),(29,'New Orleans Pelicans','NOP','New Orleans','Louisiana','West','Southwest',29,19),(30,'San Antonio Spurs','SAS','San Antonio','Texas','West','Southwest',30,27),(31,'Free Agents','FA',NULL,NULL,NULL,NULL,31,NULL);
/*!40000 ALTER TABLE `Team` ENABLE KEYS */;
UNLOCK TABLES;

--
-- Table structure for table `Venue`
--

DROP TABLE IF EXISTS `Venue`;
/*!40101 SET @saved_cs_client     = @@character_set_client */;
/*!50503 SET character_set_client = utf8mb4 */;
CREATE TABLE `Venue` (
  `VenueID` int NOT NULL AUTO_INCREMENT,
  `Name` varchar(30) DEFAULT NULL,
  `City` varchar(30) DEFAULT NULL,
  `State` varchar(30) DEFAULT NULL,
  `Capacity` int DEFAULT NULL,
  PRIMARY KEY (`VenueID`)
) ENGINE=InnoDB AUTO_INCREMENT=34 DEFAULT CHARSET=utf8mb4 COLLATE=utf8mb4_0900_ai_ci;
/*!40101 SET character_set_client = @saved_cs_client */;

--
-- Dumping data for table `Venue`
--

LOCK TABLES `Venue` WRITE;
/*!40000 ALTER TABLE `Venue` DISABLE KEYS */;
INSERT INTO `Venue` VALUES (1,'State Farm Arena','Atlanta','Georgia',17044),(2,'TD Garden','Boston','Massachusetts',19580),(3,'Barclays Center','Brooklyn','New York',17732),(4,'Spectrum Center','Charlotte','North Carolina',19077),(5,'United Center','Chicago','Illinois',20917),(6,'Rocket Arena','Cleveland','Ohio',19432),(7,'American Airlines Center','Dallas','Texas',19200),(8,'Ball Arena','Denver','Colorado',19520),(9,'Little Caesars Arena','Detroit','Michigan',20332),(10,'Chase Center','San Francisco','California',18064),(11,'Toyota Center','Houston','Texas',18055),(12,'Gainbridge Fieldhouse','Indianapolis','Indiana',17932),(13,'Intuit Dome','Inglewood','California',18000),(14,'Crypto.com Arena','Los Angeles','California',18997),(15,'FedExForum','Memphis','Tennessee',17794),(16,'Kaseya Center','Miami','Florida',19600),(17,'Fiserv Forum','Milwaukee','Wisconsin',17500),(18,'Target Center','Minneapolis','Minnesota',18978),(19,'Smoothie King Center','New Orleans','Louisiana',16867),(20,'Madison Square Garden','New York','New York',19812),(21,'Paycom Center','Oklahoma City','Oklahoma',18203),(22,'Kia Center','Orlando','Florida',18864),(23,'Xfinity Mobile Arena','Philadelphia','Pennsylvania',20478),(24,'PHX Arena','Phoenix','Arizona',17071),(25,'Moda Center','Portland','Oregon',19441),(26,'Golden 1 Center','Sacramento','California',17583),(27,'Frost Bank Center','San Antonio','Texas',18418),(28,'Scotiabank Arena','Toronto','Ontario',19800),(29,'Delta Center','Salt Lake City','Utah',18306),(30,'Capital One Arena','Washington','DC',20356),(31,'Arena CDMX','Mexico City','Mexico City',22300),(32,'Uber Arena','Berlin','Berlin',14500),(33,'The O2 Arena','London','England',20000);
/*!40000 ALTER TABLE `Venue` ENABLE KEYS */;
UNLOCK TABLES;
SET @@SESSION.SQL_LOG_BIN = @MYSQLDUMP_TEMP_LOG_BIN;
/*!40103 SET TIME_ZONE=@OLD_TIME_ZONE */;

/*!40101 SET SQL_MODE=@OLD_SQL_MODE */;
/*!40014 SET FOREIGN_KEY_CHECKS=@OLD_FOREIGN_KEY_CHECKS */;
/*!40014 SET UNIQUE_CHECKS=@OLD_UNIQUE_CHECKS */;
/*!40101 SET CHARACTER_SET_CLIENT=@OLD_CHARACTER_SET_CLIENT */;
/*!40101 SET CHARACTER_SET_RESULTS=@OLD_CHARACTER_SET_RESULTS */;
/*!40101 SET COLLATION_CONNECTION=@OLD_COLLATION_CONNECTION */;
/*!40111 SET SQL_NOTES=@OLD_SQL_NOTES */;

-- Dump completed on 2025-11-12 18:16:08
